DateKey,Date,Year,Quarter,QuarterName,Month,MonthName,MonthShort,WeekOfYear,Day,DayName,DayShort,DayOfWeek,IsWeekend,IsBusinessDay,IsMonthStart,IsMonthEnd,IsQuarterStart,IsQuarterEnd,IsYearStart,IsYearEnd,FinancialYear,MonthYear,YearMonth
20230101,2023-01-01,2023,1,Q1,1,January,Jan,52,1,Sunday,Sun,7,1,0,1,0,1,0,1,0,FY2023,Jan-2023,2023-01
20230102,2023-01-02,2023,1,Q1,1,January,Jan,1,2,Monday,Mon,1,0,1,0,0,0,0,0,0,FY2023,Jan-2023,2023-01
20230103,2023-01-03,2023,1,Q1,1,January,Jan,1,3,Tuesday,Tue,2,0,1,0,0,0,0,0,0,FY2023,Jan-2023,2023-01
20230104,2023-01-04,2023,1,Q1,1,January,Jan,1,4,Wednesday,Wed,3,0,1,0,0,0,0,0,0,FY2023,Jan-2023,2023-01
20230105,2023-01-05,2023,1,Q1,1,January,Jan,1,5,Thursday,Thu,4,0,1,0,0,0,0,0,0,FY2023,Jan-2023,2023-01
20230106,2023-01-06,2023,1,Q1,1,January,Jan,1,6,Friday,Fri,5,0,1,0,0,0,0,0,0,FY2023,Jan-2023,2023-01
20230107,2023-01-07,2023,1,Q1,1,January,Jan,1,7,Saturday,Sat,6,1,0,0,0,0,0,0,0,FY2023,Jan-2023,2023-01
20230108,2023-01-08,2023,1,Q1,1,January,Jan,1,8,Sunday,Sun,7,1,0,0,0,0,0,0,0,FY2023,Jan-2023,2023-01
20230109,2023-01-09,2023,1,Q1,1,January,Jan,2,9,Monday,Mon,1,0,1,0,0,0,0,0,0,FY2023,Jan-2023,2023-01
20230110,2023-01-10,2023,1,Q1,1,January,Jan,2,10,Tuesday,Tue,2,0,1,0,0,0,0,0,0,FY2023,Jan-2023,2023-01
20230111,2023-01-11,2023,1,Q1,1,January,Jan,2,11,Wednesday,Wed,3,0,1,0,0,0,0,0,0,FY2023,Jan-2023,2023-01
20230112,2023-01-12,2023,1,Q1,1,January,Jan,2,12,Thursday,Thu,4,0,1,0,0,0,0,0,0,FY2023,Jan-2023,2023-01
20230113,2023-01-13,2023,1,Q1,1,January,Jan,2,13,Friday,Fri,5,0,1,0,0,0,0,0,0,FY2023,Jan-2023,2023-01
20230114,2023-01-14,2023,1,Q1,1,January,Jan,2,14,Saturday,Sat,6,1,0,0,0,0,0,0,0,FY2023,Jan-2023,2023-01
20230115,2023-01-15,2023,1,Q1,1,January,Jan,2,15,Sunday,Sun,7,1,0,0,0,0,0,0,0,FY2023,Jan-2023,2023-01
20230116,2023-01-16,2023,1,Q1,1,January,Jan,3,16,Monday,Mon,1,0,1,0,0,0,0,0,0,FY2023,Jan-2023,2023-01
20230117,2023-01-17,2023,1,Q1,1,January,Jan,3,17,Tuesday,Tue,2,0,1,0,0,0,0,0,0,FY2023,Jan-2023,2023-01
20230118,2023-01-18,2023,1,Q1,1,January,Jan,3,18,Wednesday,Wed,3,0,1,0,0,0,0,0,0,FY2023,Jan-2023,2023-01
20230119,2023-01-19,2023,1,Q1,1,January,Jan,3,19,Thursday,Thu,4,0,1,0,0,0,0,0,0,FY2023,Jan-2023,2023-01
20230120,2023-01-20,2023,1,Q1,1,January,Jan,3,20,Friday,Fri,5,0,1,0,0,0,0,0,0,FY2023,Jan-2023,2023-01
20230121,2023-01-21,2023,1,Q1,1,January,Jan,3,21,Saturday,Sat,6,1,0,0,0,0,0,0,0,FY2023,Jan-2023,2023-01
20230122,2023-01-22,2023,1,Q1,1,January,Jan,3,22,Sunday,Sun,7,1,0,0,0,0,0,0,0,FY2023,Jan-2023,2023-01
20230123,2023-01-23,2023,1,Q1,1,January,Jan,4,23,Monday,Mon,1,0,1,0,0,0,0,0,0,FY2023,Jan-2023,2023-01
20230124,2023-01-24,2023,1,Q1,1,January,Jan,4,24,Tuesday,Tue,2,0,1,0,0,0,0,0,0,FY2023,Jan-2023,2023-01
20230125,2023-01-25,2023,1,Q1,1,January,Jan,4,25,Wednesday,Wed,3,0,1,0,0,0,0,0,0,FY2023,Jan-2023,2023-01
20230126,2023-01-26,2023,1,Q1,1,January,Jan,4,26,Thursday,Thu,4,0,1,0,0,0,0,0,0,FY2023,Jan-2023,2023-01
20230127,2023-01-27,2023,1,Q1,1,January,Jan,4,27,Friday,Fri,5,0,1,0,0,0,0,0,0,FY2023,Jan-2023,2023-01
20230128,2023-01-28,2023,1,Q1,1,January,Jan,4,28,Saturday,Sat,6,1,0,0,0,0,0,0,0,FY2023,Jan-2023,2023-01
20230129,2023-01-29,2023,1,Q1,1,January,Jan,4,29,Sunday,Sun,7,1,0,0,0,0,0,0,0,FY2023,Jan-2023,2023-01
20230130,2023-01-30,2023,1,Q1,1,January,Jan,5,30,Monday,Mon,1,0,1,0,0,0,0,0,0,FY2023,Jan-2023,2023-01
20230131,2023-01-31,2023,1,Q1,1,January,Jan,5,31,Tuesday,Tue,2,0,1,0,1,0,0,0,0,FY2023,Jan-2023,2023-01
20230201,2023-02-01,2023,1,Q1,2,February,Feb,5,1,Wednesday,Wed,3,0,1,1,0,0,0,0,0,FY2023,Feb-2023,2023-02
20230202,2023-02-02,2023,1,Q1,2,February,Feb,5,2,Thursday,Thu,4,0,1,0,0,0,0,0,0,FY2023,Feb-2023,2023-02
20230203,2023-02-03,2023,1,Q1,2,February,Feb,5,3,Friday,Fri,5,0,1,0,0,0,0,0,0,FY2023,Feb-2023,2023-02
20230204,2023-02-04,2023,1,Q1,2,February,Feb,5,4,Saturday,Sat,6,1,0,0,0,0,0,0,0,FY2023,Feb-2023,2023-02
20230205,2023-02-05,2023,1,Q1,2,February,Feb,5,5,Sunday,Sun,7,1,0,0,0,0,0,0,0,FY2023,Feb-2023,2023-02
20230206,2023-02-06,2023,1,Q1,2,February,Feb,6,6,Monday,Mon,1,0,1,0,0,0,0,0,0,FY2023,Feb-2023,2023-02
20230207,2023-02-07,2023,1,Q1,2,February,Feb,6,7,Tuesday,Tue,2,0,1,0,0,0,0,0,0,FY2023,Feb-2023,2023-02
20230208,2023-02-08,2023,1,Q1,2,February,Feb,6,8,Wednesday,Wed,3,0,1,0,0,0,0,0,0,FY2023,Feb-2023,2023-02
20230209,2023-02-09,2023,1,Q1,2,February,Feb,6,9,Thursday,Thu,4,0,1,0,0,0,0,0,0,FY2023,Feb-2023,2023-02
20230210,2023-02-10,2023,1,Q1,2,February,Feb,6,10,Friday,Fri,5,0,1,0,0,0,0,0,0,FY2023,Feb-2023,2023-02
20230211,2023-02-11,2023,1,Q1,2,February,Feb,6,11,Saturday,Sat,6,1,0,0,0,0,0,0,0,FY2023,Feb-2023,2023-02
20230212,2023-02-12,2023,1,Q1,2,February,Feb,6,12,Sunday,Sun,7,1,0,0,0,0,0,0,0,FY2023,Feb-2023,2023-02
20230213,2023-02-13,2023,1,Q1,2,February,Feb,7,13,Monday,Mon,1,0,1,0,0,0,0,0,0,FY2023,Feb-2023,2023-02
20230214,2023-02-14,2023,1,Q1,2,February,Feb,7,14,Tuesday,Tue,2,0,1,0,0,0,0,0,0,FY2023,Feb-2023,2023-02
20230215,2023-02-15,2023,1,Q1,2,February,Feb,7,15,Wednesday,Wed,3,0,1,0,0,0,0,0,0,FY2023,Feb-2023,2023-02
20230216,2023-02-16,2023,1,Q1,2,February,Feb,7,16,Thursday,Thu,4,0,1,0,0,0,0,0,0,FY2023,Feb-2023,2023-02
20230217,2023-02-17,2023,1,Q1,2,February,Feb,7,17,Friday,Fri,5,0,1,0,0,0,0,0,0,FY2023,Feb-2023,2023-02
20230218,2023-02-18,2023,1,Q1,2,February,Feb,7,18,Saturday,Sat,6,1,0,0,0,0,0,0,0,FY2023,Feb-2023,2023-02
20230219,2023-02-19,2023,1,Q1,2,February,Feb,7,19,Sunday,Sun,7,1,0,0,0,0,0,0,0,FY2023,Feb-2023,2023-02
20230220,2023-02-20,2023,1,Q1,2,February,Feb,8,20,Monday,Mon,1,0,1,0,0,0,0,0,0,FY2023,Feb-2023,2023-02
20230221,2023-02-21,2023,1,Q1,2,February,Feb,8,21,Tuesday,Tue,2,0,1,0,0,0,0,0,0,FY2023,Feb-2023,2023-02
20230222,2023-02-22,2023,1,Q1,2,February,Feb,8,22,Wednesday,Wed,3,0,1,0,0,0,0,0,0,FY2023,Feb-2023,2023-02
20230223,2023-02-23,2023,1,Q1,2,February,Feb,8,23,Thursday,Thu,4,0,1,0,0,0,0,0,0,FY2023,Feb-2023,2023-02
20230224,2023-02-24,2023,1,Q1,2,February,Feb,8,24,Friday,Fri,5,0,1,0,0,0,0,0,0,FY2023,Feb-2023,2023-02
20230225,2023-02-25,2023,1,Q1,2,February,Feb,8,25,Saturday,Sat,6,1,0,0,0,0,0,0,0,FY2023,Feb-2023,2023-02
20230226,2023-02-26,2023,1,Q1,2,February,Feb,8,26,Sunday,Sun,7,1,0,0,0,0,0,0,0,FY2023,Feb-2023,2023-02
20230227,2023-02-27,2023,1,Q1,2,February,Feb,9,27,Monday,Mon,1,0,1,0,0,0,0,0,0,FY2023,Feb-2023,2023-02
20230228,2023-02-28,2023,1,Q1,2,February,Feb,9,28,Tuesday,Tue,2,0,1,0,1,0,0,0,0,FY2023,Feb-2023,2023-02
20230301,2023-03-01,2023,1,Q1,3,March,Mar,9,1,Wednesday,Wed,3,0,1,1,0,0,0,0,0,FY2023,Mar-2023,2023-03
20230302,2023-03-02,2023,1,Q1,3,March,Mar,9,2,Thursday,Thu,4,0,1,0,0,0,0,0,0,FY2023,Mar-2023,2023-03
20230303,2023-03-03,2023,1,Q1,3,March,Mar,9,3,Friday,Fri,5,0,1,0,0,0,0,0,0,FY2023,Mar-2023,2023-03
20230304,2023-03-04,2023,1,Q1,3,March,Mar,9,4,Saturday,Sat,6,1,0,0,0,0,0,0,0,FY2023,Mar-2023,2023-03
20230305,2023-03-05,2023,1,Q1,3,March,Mar,9,5,Sunday,Sun,7,1,0,0,0,0,0,0,0,FY2023,Mar-2023,2023-03
20230306,2023-03-06,2023,1,Q1,3,March,Mar,10,6,Monday,Mon,1,0,1,0,0,0,0,0,0,FY2023,Mar-2023,2023-03
20230307,2023-03-07,2023,1,Q1,3,March,Mar,10,7,Tuesday,Tue,2,0,1,0,0,0,0,0,0,FY2023,Mar-2023,2023-03
20230308,2023-03-08,2023,1,Q1,3,March,Mar,10,8,Wednesday,Wed,3,0,1,0,0,0,0,0,0,FY2023,Mar-2023,2023-03
20230309,2023-03-09,2023,1,Q1,3,March,Mar,10,9,Thursday,Thu,4,0,1,0,0,0,0,0,0,FY2023,Mar-2023,2023-03
20230310,2023-03-10,2023,1,Q1,3,March,Mar,10,10,Friday,Fri,5,0,1,0,0,0,0,0,0,FY2023,Mar-2023,2023-03
20230311,2023-03-11,2023,1,Q1,3,March,Mar,10,11,Saturday,Sat,6,1,0,0,0,0,0,0,0,FY2023,Mar-2023,2023-03
20230312,2023-03-12,2023,1,Q1,3,March,Mar,10,12,Sunday,Sun,7,1,0,0,0,0,0,0,0,FY2023,Mar-2023,2023-03
20230313,2023-03-13,2023,1,Q1,3,March,Mar,11,13,Monday,Mon,1,0,1,0,0,0,0,0,0,FY2023,Mar-2023,2023-03
20230314,2023-03-14,2023,1,Q1,3,March,Mar,11,14,Tuesday,Tue,2,0,1,0,0,0,0,0,0,FY2023,Mar-2023,2023-03
20230315,2023-03-15,2023,1,Q1,3,March,Mar,11,15,Wednesday,Wed,3,0,1,0,0,0,0,0,0,FY2023,Mar-2023,2023-03
20230316,2023-03-16,2023,1,Q1,3,March,Mar,11,16,Thursday,Thu,4,0,1,0,0,0,0,0,0,FY2023,Mar-2023,2023-03
20230317,2023-03-17,2023,1,Q1,3,March,Mar,11,17,Friday,Fri,5,0,1,0,0,0,0,0,0,FY2023,Mar-2023,2023-03
20230318,2023-03-18,2023,1,Q1,3,March,Mar,11,18,Saturday,Sat,6,1,0,0,0,0,0,0,0,FY2023,Mar-2023,2023-03
20230319,2023-03-19,2023,1,Q1,3,March,Mar,11,19,Sunday,Sun,7,1,0,0,0,0,0,0,0,FY2023,Mar-2023,2023-03
20230320,2023-03-20,2023,1,Q1,3,March,Mar,12,20,Monday,Mon,1,0,1,0,0,0,0,0,0,FY2023,Mar-2023,2023-03
20230321,2023-03-21,2023,1,Q1,3,March,Mar,12,21,Tuesday,Tue,2,0,1,0,0,0,0,0,0,FY2023,Mar-2023,2023-03
20230322,2023-03-22,2023,1,Q1,3,March,Mar,12,22,Wednesday,Wed,3,0,1,0,0,0,0,0,0,FY2023,Mar-2023,2023-03
20230323,2023-03-23,2023,1,Q1,3,March,Mar,12,23,Thursday,Thu,4,0,1,0,0,0,0,0,0,FY2023,Mar-2023,2023-03
20230324,2023-03-24,2023,1,Q1,3,March,Mar,12,24,Friday,Fri,5,0,1,0,0,0,0,0,0,FY2023,Mar-2023,2023-03
20230325,2023-03-25,2023,1,Q1,3,March,Mar,12,25,Saturday,Sat,6,1,0,0,0,0,0,0,0,FY2023,Mar-2023,2023-03
20230326,2023-03-26,2023,1,Q1,3,March,Mar,12,26,Sunday,Sun,7,1,0,0,0,0,0,0,0,FY2023,Mar-2023,2023-03
20230327,2023-03-27,2023,1,Q1,3,March,Mar,13,27,Monday,Mon,1,0,1,0,0,0,0,0,0,FY2023,Mar-2023,2023-03
20230328,2023-03-28,2023,1,Q1,3,March,Mar,13,28,Tuesday,Tue,2,0,1,0,0,0,0,0,0,FY2023,Mar-2023,2023-03
20230329,2023-03-29,2023,1,Q1,3,March,Mar,13,29,Wednesday,Wed,3,0,1,0,0,0,0,0,0,FY2023,Mar-2023,2023-03
20230330,2023-03-30,2023,1,Q1,3,March,Mar,13,30,Thursday,Thu,4,0,1,0,0,0,0,0,0,FY2023,Mar-2023,2023-03
20230331,2023-03-31,2023,1,Q1,3,March,Mar,13,31,Friday,Fri,5,0,1,0,1,0,1,0,0,FY2023,Mar-2023,2023-03
20230401,2023-04-01,2023,2,Q2,4,April,Apr,13,1,Saturday,Sat,6,1,0,1,0,1,0,0,0,FY2023,Apr-2023,2023-04
20230402,2023-04-02,2023,2,Q2,4,April,Apr,13,2,Sunday,Sun,7,1,0,0,0,0,0,0,0,FY2023,Apr-2023,2023-04
20230403,2023-04-03,2023,2,Q2,4,April,Apr,14,3,Monday,Mon,1,0,1,0,0,0,0,0,0,FY2023,Apr-2023,2023-04
20230404,2023-04-04,2023,2,Q2,4,April,Apr,14,4,Tuesday,Tue,2,0,1,0,0,0,0,0,0,FY2023,Apr-2023,2023-04
20230405,2023-04-05,2023,2,Q2,4,April,Apr,14,5,Wednesday,Wed,3,0,1,0,0,0,0,0,0,FY2023,Apr-2023,2023-04
20230406,2023-04-06,2023,2,Q2,4,April,Apr,14,6,Thursday,Thu,4,0,1,0,0,0,0,0,0,FY2023,Apr-2023,2023-04
20230407,2023-04-07,2023,2,Q2,4,April,Apr,14,7,Friday,Fri,5,0,1,0,0,0,0,0,0,FY2023,Apr-2023,2023-04
20230408,2023-04-08,2023,2,Q2,4,April,Apr,14,8,Saturday,Sat,6,1,0,0,0,0,0,0,0,FY2023,Apr-2023,2023-04
20230409,2023-04-09,2023,2,Q2,4,April,Apr,14,9,Sunday,Sun,7,1,0,0,0,0,0,0,0,FY2023,Apr-2023,2023-04
20230410,2023-04-10,2023,2,Q2,4,April,Apr,15,10,Monday,Mon,1,0,1,0,0,0,0,0,0,FY2023,Apr-2023,2023-04
20230411,2023-04-11,2023,2,Q2,4,April,Apr,15,11,Tuesday,Tue,2,0,1,0,0,0,0,0,0,FY2023,Apr-2023,2023-04
20230412,2023-04-12,2023,2,Q2,4,April,Apr,15,12,Wednesday,Wed,3,0,1,0,0,0,0,0,0,FY2023,Apr-2023,2023-04
20230413,2023-04-13,2023,2,Q2,4,April,Apr,15,13,Thursday,Thu,4,0,1,0,0,0,0,0,0,FY2023,Apr-2023,2023-04
20230414,2023-04-14,2023,2,Q2,4,April,Apr,15,14,Friday,Fri,5,0,1,0,0,0,0,0,0,FY2023,Apr-2023,2023-04
20230415,2023-04-15,2023,2,Q2,4,April,Apr,15,15,Saturday,Sat,6,1,0,0,0,0,0,0,0,FY2023,Apr-2023,2023-04
20230416,2023-04-16,2023,2,Q2,4,April,Apr,15,16,Sunday,Sun,7,1,0,0,0,0,0,0,0,FY2023,Apr-2023,2023-04
20230417,2023-04-17,2023,2,Q2,4,April,Apr,16,17,Monday,Mon,1,0,1,0,0,0,0,0,0,FY2023,Apr-2023,2023-04
20230418,2023-04-18,2023,2,Q2,4,April,Apr,16,18,Tuesday,Tue,2,0,1,0,0,0,0,0,0,FY2023,Apr-2023,2023-04
20230419,2023-04-19,2023,2,Q2,4,April,Apr,16,19,Wednesday,Wed,3,0,1,0,0,0,0,0,0,FY2023,Apr-2023,2023-04
20230420,2023-04-20,2023,2,Q2,4,April,Apr,16,20,Thursday,Thu,4,0,1,0,0,0,0,0,0,FY2023,Apr-2023,2023-04
20230421,2023-04-21,2023,2,Q2,4,April,Apr,16,21,Friday,Fri,5,0,1,0,0,0,0,0,0,FY2023,Apr-2023,2023-04
20230422,2023-04-22,2023,2,Q2,4,April,Apr,16,22,Saturday,Sat,6,1,0,0,0,0,0,0,0,FY2023,Apr-2023,2023-04
20230423,2023-04-23,2023,2,Q2,4,April,Apr,16,23,Sunday,Sun,7,1,0,0,0,0,0,0,0,FY2023,Apr-2023,2023-04
20230424,2023-04-24,2023,2,Q2,4,April,Apr,17,24,Monday,Mon,1,0,1,0,0,0,0,0,0,FY2023,Apr-2023,2023-04
20230425,2023-04-25,2023,2,Q2,4,April,Apr,17,25,Tuesday,Tue,2,0,1,0,0,0,0,0,0,FY2023,Apr-2023,2023-04
20230426,2023-04-26,2023,2,Q2,4,April,Apr,17,26,Wednesday,Wed,3,0,1,0,0,0,0,0,0,FY2023,Apr-2023,2023-04
20230427,2023-04-27,2023,2,Q2,4,April,Apr,17,27,Thursday,Thu,4,0,1,0,0,0,0,0,0,FY2023,Apr-2023,2023-04
20230428,2023-04-28,2023,2,Q2,4,April,Apr,17,28,Friday,Fri,5,0,1,0,0,0,0,0,0,FY2023,Apr-2023,2023-04
20230429,2023-04-29,2023,2,Q2,4,April,Apr,17,29,Saturday,Sat,6,1,0,0,0,0,0,0,0,FY2023,Apr-2023,2023-04
20230430,2023-04-30,2023,2,Q2,4,April,Apr,17,30,Sunday,Sun,7,1,0,0,1,0,0,0,0,FY2023,Apr-2023,2023-04
20230501,2023-05-01,2023,2,Q2,5,May,May,18,1,Monday,Mon,1,0,1,1,0,0,0,0,0,FY2023,May-2023,2023-05
20230502,2023-05-02,2023,2,Q2,5,May,May,18,2,Tuesday,Tue,2,0,1,0,0,0,0,0,0,FY2023,May-2023,2023-05
20230503,2023-05-03,2023,2,Q2,5,May,May,18,3,Wednesday,Wed,3,0,1,0,0,0,0,0,0,FY2023,May-2023,2023-05
20230504,2023-05-04,2023,2,Q2,5,May,May,18,4,Thursday,Thu,4,0,1,0,0,0,0,0,0,FY2023,May-2023,2023-05
20230505,2023-05-05,2023,2,Q2,5,May,May,18,5,Friday,Fri,5,0,1,0,0,0,0,0,0,FY2023,May-2023,2023-05
20230506,2023-05-06,2023,2,Q2,5,May,May,18,6,Saturday,Sat,6,1,0,0,0,0,0,0,0,FY2023,May-2023,2023-05
20230507,2023-05-07,2023,2,Q2,5,May,May,18,7,Sunday,Sun,7,1,0,0,0,0,0,0,0,FY2023,May-2023,2023-05
20230508,2023-05-08,2023,2,Q2,5,May,May,19,8,Monday,Mon,1,0,1,0,0,0,0,0,0,FY2023,May-2023,2023-05
20230509,2023-05-09,2023,2,Q2,5,May,May,19,9,Tuesday,Tue,2,0,1,0,0,0,0,0,0,FY2023,May-2023,2023-05
20230510,2023-05-10,2023,2,Q2,5,May,May,19,10,Wednesday,Wed,3,0,1,0,0,0,0,0,0,FY2023,May-2023,2023-05
20230511,2023-05-11,2023,2,Q2,5,May,May,19,11,Thursday,Thu,4,0,1,0,0,0,0,0,0,FY2023,May-2023,2023-05
20230512,2023-05-12,2023,2,Q2,5,May,May,19,12,Friday,Fri,5,0,1,0,0,0,0,0,0,FY2023,May-2023,2023-05
20230513,2023-05-13,2023,2,Q2,5,May,May,19,13,Saturday,Sat,6,1,0,0,0,0,0,0,0,FY2023,May-2023,2023-05
20230514,2023-05-14,2023,2,Q2,5,May,May,19,14,Sunday,Sun,7,1,0,0,0,0,0,0,0,FY2023,May-2023,2023-05
20230515,2023-05-15,2023,2,Q2,5,May,May,20,15,Monday,Mon,1,0,1,0,0,0,0,0,0,FY2023,May-2023,2023-05
20230516,2023-05-16,2023,2,Q2,5,May,May,20,16,Tuesday,Tue,2,0,1,0,0,0,0,0,0,FY2023,May-2023,2023-05
20230517,2023-05-17,2023,2,Q2,5,May,May,20,17,Wednesday,Wed,3,0,1,0,0,0,0,0,0,FY2023,May-2023,2023-05
20230518,2023-05-18,2023,2,Q2,5,May,May,20,18,Thursday,Thu,4,0,1,0,0,0,0,0,0,FY2023,May-2023,2023-05
20230519,2023-05-19,2023,2,Q2,5,May,May,20,19,Friday,Fri,5,0,1,0,0,0,0,0,0,FY2023,May-2023,2023-05
20230520,2023-05-20,2023,2,Q2,5,May,May,20,20,Saturday,Sat,6,1,0,0,0,0,0,0,0,FY2023,May-2023,2023-05
20230521,2023-05-21,2023,2,Q2,5,May,May,20,21,Sunday,Sun,7,1,0,0,0,0,0,0,0,FY2023,May-2023,2023-05
20230522,2023-05-22,2023,2,Q2,5,May,May,21,22,Monday,Mon,1,0,1,0,0,0,0,0,0,FY2023,May-2023,2023-05
20230523,2023-05-23,2023,2,Q2,5,May,May,21,23,Tuesday,Tue,2,0,1,0,0,0,0,0,0,FY2023,May-2023,2023-05
20230524,2023-05-24,2023,2,Q2,5,May,May,21,24,Wednesday,Wed,3,0,1,0,0,0,0,0,0,FY2023,May-2023,2023-05
20230525,2023-05-25,2023,2,Q2,5,May,May,21,25,Thursday,Thu,4,0,1,0,0,0,0,0,0,FY2023,May-2023,2023-05
20230526,2023-05-26,2023,2,Q2,5,May,May,21,26,Friday,Fri,5,0,1,0,0,0,0,0,0,FY2023,May-2023,2023-05
20230527,2023-05-27,2023,2,Q2,5,May,May,21,27,Saturday,Sat,6,1,0,0,0,0,0,0,0,FY2023,May-2023,2023-05
20230528,2023-05-28,2023,2,Q2,5,May,May,21,28,Sunday,Sun,7,1,0,0,0,0,0,0,0,FY2023,May-2023,2023-05
20230529,2023-05-29,2023,2,Q2,5,May,May,22,29,Monday,Mon,1,0,1,0,0,0,0,0,0,FY2023,May-2023,2023-05
20230530,2023-05-30,2023,2,Q2,5,May,May,22,30,Tuesday,Tue,2,0,1,0,0,0,0,0,0,FY2023,May-2023,2023-05
20230531,2023-05-31,2023,2,Q2,5,May,May,22,31,Wednesday,Wed,3,0,1,0,1,0,0,0,0,FY2023,May-2023,2023-05
20230601,2023-06-01,2023,2,Q2,6,June,Jun,22,1,Thursday,Thu,4,0,1,1,0,0,0,0,0,FY2023,Jun-2023,2023-06
20230602,2023-06-02,2023,2,Q2,6,June,Jun,22,2,Friday,Fri,5,0,1,0,0,0,0,0,0,FY2023,Jun-2023,2023-06
20230603,2023-06-03,2023,2,Q2,6,June,Jun,22,3,Saturday,Sat,6,1,0,0,0,0,0,0,0,FY2023,Jun-2023,2023-06
20230604,2023-06-04,2023,2,Q2,6,June,Jun,22,4,Sunday,Sun,7,1,0,0,0,0,0,0,0,FY2023,Jun-2023,2023-06
20230605,2023-06-05,2023,2,Q2,6,June,Jun,23,5,Monday,Mon,1,0,1,0,0,0,0,0,0,FY2023,Jun-2023,2023-06
20230606,2023-06-06,2023,2,Q2,6,June,Jun,23,6,Tuesday,Tue,2,0,1,0,0,0,0,0,0,FY2023,Jun-2023,2023-06
20230607,2023-06-07,2023,2,Q2,6,June,Jun,23,7,Wednesday,Wed,3,0,1,0,0,0,0,0,0,FY2023,Jun-2023,2023-06
20230608,2023-06-08,2023,2,Q2,6,June,Jun,23,8,Thursday,Thu,4,0,1,0,0,0,0,0,0,FY2023,Jun-2023,2023-06
20230609,2023-06-09,2023,2,Q2,6,June,Jun,23,9,Friday,Fri,5,0,1,0,0,0,0,0,0,FY2023,Jun-2023,2023-06
20230610,2023-06-10,2023,2,Q2,6,June,Jun,23,10,Saturday,Sat,6,1,0,0,0,0,0,0,0,FY2023,Jun-2023,2023-06
20230611,2023-06-11,2023,2,Q2,6,June,Jun,23,11,Sunday,Sun,7,1,0,0,0,0,0,0,0,FY2023,Jun-2023,2023-06
20230612,2023-06-12,2023,2,Q2,6,June,Jun,24,12,Monday,Mon,1,0,1,0,0,0,0,0,0,FY2023,Jun-2023,2023-06
20230613,2023-06-13,2023,2,Q2,6,June,Jun,24,13,Tuesday,Tue,2,0,1,0,0,0,0,0,0,FY2023,Jun-2023,2023-06
20230614,2023-06-14,2023,2,Q2,6,June,Jun,24,14,Wednesday,Wed,3,0,1,0,0,0,0,0,0,FY2023,Jun-2023,2023-06
20230615,2023-06-15,2023,2,Q2,6,June,Jun,24,15,Thursday,Thu,4,0,1,0,0,0,0,0,0,FY2023,Jun-2023,2023-06
20230616,2023-06-16,2023,2,Q2,6,June,Jun,24,16,Friday,Fri,5,0,1,0,0,0,0,0,0,FY2023,Jun-2023,2023-06
20230617,2023-06-17,2023,2,Q2,6,June,Jun,24,17,Saturday,Sat,6,1,0,0,0,0,0,0,0,FY2023,Jun-2023,2023-06
20230618,2023-06-18,2023,2,Q2,6,June,Jun,24,18,Sunday,Sun,7,1,0,0,0,0,0,0,0,FY2023,Jun-2023,2023-06
20230619,2023-06-19,2023,2,Q2,6,June,Jun,25,19,Monday,Mon,1,0,1,0,0,0,0,0,0,FY2023,Jun-2023,2023-06
20230620,2023-06-20,2023,2,Q2,6,June,Jun,25,20,Tuesday,Tue,2,0,1,0,0,0,0,0,0,FY2023,Jun-2023,2023-06
20230621,2023-06-21,2023,2,Q2,6,June,Jun,25,21,Wednesday,Wed,3,0,1,0,0,0,0,0,0,FY2023,Jun-2023,2023-06
20230622,2023-06-22,2023,2,Q2,6,June,Jun,25,22,Thursday,Thu,4,0,1,0,0,0,0,0,0,FY2023,Jun-2023,2023-06
20230623,2023-06-23,2023,2,Q2,6,June,Jun,25,23,Friday,Fri,5,0,1,0,0,0,0,0,0,FY2023,Jun-2023,2023-06
20230624,2023-06-24,2023,2,Q2,6,June,Jun,25,24,Saturday,Sat,6,1,0,0,0,0,0,0,0,FY2023,Jun-2023,2023-06
20230625,2023-06-25,2023,2,Q2,6,June,Jun,25,25,Sunday,Sun,7,1,0,0,0,0,0,0,0,FY2023,Jun-2023,2023-06
20230626,2023-06-26,2023,2,Q2,6,June,Jun,26,26,Monday,Mon,1,0,1,0,0,0,0,0,0,FY2023,Jun-2023,2023-06
20230627,2023-06-27,2023,2,Q2,6,June,Jun,26,27,Tuesday,Tue,2,0,1,0,0,0,0,0,0,FY2023,Jun-2023,2023-06
20230628,2023-06-28,2023,2,Q2,6,June,Jun,26,28,Wednesday,Wed,3,0,1,0,0,0,0,0,0,FY2023,Jun-2023,2023-06
20230629,2023-06-29,2023,2,Q2,6,June,Jun,26,29,Thursday,Thu,4,0,1,0,0,0,0,0,0,FY2023,Jun-2023,2023-06
20230630,2023-06-30,2023,2,Q2,6,June,Jun,26,30,Friday,Fri,5,0,1,0,1,0,1,0,0,FY2023,Jun-2023,2023-06
20230701,2023-07-01,2023,3,Q3,7,July,Jul,26,1,Saturday,Sat,6,1,0,1,0,1,0,0,0,FY2023,Jul-2023,2023-07
20230702,2023-07-02,2023,3,Q3,7,July,Jul,26,2,Sunday,Sun,7,1,0,0,0,0,0,0,0,FY2023,Jul-2023,2023-07
20230703,2023-07-03,2023,3,Q3,7,July,Jul,27,3,Monday,Mon,1,0,1,0,0,0,0,0,0,FY2023,Jul-2023,2023-07
20230704,2023-07-04,2023,3,Q3,7,July,Jul,27,4,Tuesday,Tue,2,0,1,0,0,0,0,0,0,FY2023,Jul-2023,2023-07
20230705,2023-07-05,2023,3,Q3,7,July,Jul,27,5,Wednesday,Wed,3,0,1,0,0,0,0,0,0,FY2023,Jul-2023,2023-07
20230706,2023-07-06,2023,3,Q3,7,July,Jul,27,6,Thursday,Thu,4,0,1,0,0,0,0,0,0,FY2023,Jul-2023,2023-07
20230707,2023-07-07,2023,3,Q3,7,July,Jul,27,7,Friday,Fri,5,0,1,0,0,0,0,0,0,FY2023,Jul-2023,2023-07
20230708,2023-07-08,2023,3,Q3,7,July,Jul,27,8,Saturday,Sat,6,1,0,0,0,0,0,0,0,FY2023,Jul-2023,2023-07
20230709,2023-07-09,2023,3,Q3,7,July,Jul,27,9,Sunday,Sun,7,1,0,0,0,0,0,0,0,FY2023,Jul-2023,2023-07
20230710,2023-07-10,2023,3,Q3,7,July,Jul,28,10,Monday,Mon,1,0,1,0,0,0,0,0,0,FY2023,Jul-2023,2023-07
20230711,2023-07-11,2023,3,Q3,7,July,Jul,28,11,Tuesday,Tue,2,0,1,0,0,0,0,0,0,FY2023,Jul-2023,2023-07
20230712,2023-07-12,2023,3,Q3,7,July,Jul,28,12,Wednesday,Wed,3,0,1,0,0,0,0,0,0,FY2023,Jul-2023,2023-07
20230713,2023-07-13,2023,3,Q3,7,July,Jul,28,13,Thursday,Thu,4,0,1,0,0,0,0,0,0,FY2023,Jul-2023,2023-07
20230714,2023-07-14,2023,3,Q3,7,July,Jul,28,14,Friday,Fri,5,0,1,0,0,0,0,0,0,FY2023,Jul-2023,2023-07
20230715,2023-07-15,2023,3,Q3,7,July,Jul,28,15,Saturday,Sat,6,1,0,0,0,0,0,0,0,FY2023,Jul-2023,2023-07
20230716,2023-07-16,2023,3,Q3,7,July,Jul,28,16,Sunday,Sun,7,1,0,0,0,0,0,0,0,FY2023,Jul-2023,2023-07
20230717,2023-07-17,2023,3,Q3,7,July,Jul,29,17,Monday,Mon,1,0,1,0,0,0,0,0,0,FY2023,Jul-2023,2023-07
20230718,2023-07-18,2023,3,Q3,7,July,Jul,29,18,Tuesday,Tue,2,0,1,0,0,0,0,0,0,FY2023,Jul-2023,2023-07
20230719,2023-07-19,2023,3,Q3,7,July,Jul,29,19,Wednesday,Wed,3,0,1,0,0,0,0,0,0,FY2023,Jul-2023,2023-07
20230720,2023-07-20,2023,3,Q3,7,July,Jul,29,20,Thursday,Thu,4,0,1,0,0,0,0,0,0,FY2023,Jul-2023,2023-07
20230721,2023-07-21,2023,3,Q3,7,July,Jul,29,21,Friday,Fri,5,0,1,0,0,0,0,0,0,FY2023,Jul-2023,2023-07
20230722,2023-07-22,2023,3,Q3,7,July,Jul,29,22,Saturday,Sat,6,1,0,0,0,0,0,0,0,FY2023,Jul-2023,2023-07
20230723,2023-07-23,2023,3,Q3,7,July,Jul,29,23,Sunday,Sun,7,1,0,0,0,0,0,0,0,FY2023,Jul-2023,2023-07
20230724,2023-07-24,2023,3,Q3,7,July,Jul,30,24,Monday,Mon,1,0,1,0,0,0,0,0,0,FY2023,Jul-2023,2023-07
20230725,2023-07-25,2023,3,Q3,7,July,Jul,30,25,Tuesday,Tue,2,0,1,0,0,0,0,0,0,FY2023,Jul-2023,2023-07
20230726,2023-07-26,2023,3,Q3,7,July,Jul,30,26,Wednesday,Wed,3,0,1,0,0,0,0,0,0,FY2023,Jul-2023,2023-07
20230727,2023-07-27,2023,3,Q3,7,July,Jul,30,27,Thursday,Thu,4,0,1,0,0,0,0,0,0,FY2023,Jul-2023,2023-07
20230728,2023-07-28,2023,3,Q3,7,July,Jul,30,28,Friday,Fri,5,0,1,0,0,0,0,0,0,FY2023,Jul-2023,2023-07
20230729,2023-07-29,2023,3,Q3,7,July,Jul,30,29,Saturday,Sat,6,1,0,0,0,0,0,0,0,FY2023,Jul-2023,2023-07
20230730,2023-07-30,2023,3,Q3,7,July,Jul,30,30,Sunday,Sun,7,1,0,0,0,0,0,0,0,FY2023,Jul-2023,2023-07
20230731,2023-07-31,2023,3,Q3,7,July,Jul,31,31,Monday,Mon,1,0,1,0,1,0,0,0,0,FY2023,Jul-2023,2023-07
20230801,2023-08-01,2023,3,Q3,8,August,Aug,31,1,Tuesday,Tue,2,0,1,1,0,0,0,0,0,FY2023,Aug-2023,2023-08
20230802,2023-08-02,2023,3,Q3,8,August,Aug,31,2,Wednesday,Wed,3,0,1,0,0,0,0,0,0,FY2023,Aug-2023,2023-08
20230803,2023-08-03,2023,3,Q3,8,August,Aug,31,3,Thursday,Thu,4,0,1,0,0,0,0,0,0,FY2023,Aug-2023,2023-08
20230804,2023-08-04,2023,3,Q3,8,August,Aug,31,4,Friday,Fri,5,0,1,0,0,0,0,0,0,FY2023,Aug-2023,2023-08
20230805,2023-08-05,2023,3,Q3,8,August,Aug,31,5,Saturday,Sat,6,1,0,0,0,0,0,0,0,FY2023,Aug-2023,2023-08
20230806,2023-08-06,2023,3,Q3,8,August,Aug,31,6,Sunday,Sun,7,1,0,0,0,0,0,0,0,FY2023,Aug-2023,2023-08
20230807,2023-08-07,2023,3,Q3,8,August,Aug,32,7,Monday,Mon,1,0,1,0,0,0,0,0,0,FY2023,Aug-2023,2023-08
20230808,2023-08-08,2023,3,Q3,8,August,Aug,32,8,Tuesday,Tue,2,0,1,0,0,0,0,0,0,FY2023,Aug-2023,2023-08
20230809,2023-08-09,2023,3,Q3,8,August,Aug,32,9,Wednesday,Wed,3,0,1,0,0,0,0,0,0,FY2023,Aug-2023,2023-08
20230810,2023-08-10,2023,3,Q3,8,August,Aug,32,10,Thursday,Thu,4,0,1,0,0,0,0,0,0,FY2023,Aug-2023,2023-08
20230811,2023-08-11,2023,3,Q3,8,August,Aug,32,11,Friday,Fri,5,0,1,0,0,0,0,0,0,FY2023,Aug-2023,2023-08
20230812,2023-08-12,2023,3,Q3,8,August,Aug,32,12,Saturday,Sat,6,1,0,0,0,0,0,0,0,FY2023,Aug-2023,2023-08
20230813,2023-08-13,2023,3,Q3,8,August,Aug,32,13,Sunday,Sun,7,1,0,0,0,0,0,0,0,FY2023,Aug-2023,2023-08
20230814,2023-08-14,2023,3,Q3,8,August,Aug,33,14,Monday,Mon,1,0,1,0,0,0,0,0,0,FY2023,Aug-2023,2023-08
20230815,2023-08-15,2023,3,Q3,8,August,Aug,33,15,Tuesday,Tue,2,0,1,0,0,0,0,0,0,FY2023,Aug-2023,2023-08
20230816,2023-08-16,2023,3,Q3,8,August,Aug,33,16,Wednesday,Wed,3,0,1,0,0,0,0,0,0,FY2023,Aug-2023,2023-08
20230817,2023-08-17,2023,3,Q3,8,August,Aug,33,17,Thursday,Thu,4,0,1,0,0,0,0,0,0,FY2023,Aug-2023,2023-08
20230818,2023-08-18,2023,3,Q3,8,August,Aug,33,18,Friday,Fri,5,0,1,0,0,0,0,0,0,FY2023,Aug-2023,2023-08
20230819,2023-08-19,2023,3,Q3,8,August,Aug,33,19,Saturday,Sat,6,1,0,0,0,0,0,0,0,FY2023,Aug-2023,2023-08
20230820,2023-08-20,2023,3,Q3,8,August,Aug,33,20,Sunday,Sun,7,1,0,0,0,0,0,0,0,FY2023,Aug-2023,2023-08
20230821,2023-08-21,2023,3,Q3,8,August,Aug,34,21,Monday,Mon,1,0,1,0,0,0,0,0,0,FY2023,Aug-2023,2023-08
20230822,2023-08-22,2023,3,Q3,8,August,Aug,34,22,Tuesday,Tue,2,0,1,0,0,0,0,0,0,FY2023,Aug-2023,2023-08
20230823,2023-08-23,2023,3,Q3,8,August,Aug,34,23,Wednesday,Wed,3,0,1,0,0,0,0,0,0,FY2023,Aug-2023,2023-08
20230824,2023-08-24,2023,3,Q3,8,August,Aug,34,24,Thursday,Thu,4,0,1,0,0,0,0,0,0,FY2023,Aug-2023,2023-08
20230825,2023-08-25,2023,3,Q3,8,August,Aug,34,25,Friday,Fri,5,0,1,0,0,0,0,0,0,FY2023,Aug-2023,2023-08
20230826,2023-08-26,2023,3,Q3,8,August,Aug,34,26,Saturday,Sat,6,1,0,0,0,0,0,0,0,FY2023,Aug-2023,2023-08
20230827,2023-08-27,2023,3,Q3,8,August,Aug,34,27,Sunday,Sun,7,1,0,0,0,0,0,0,0,FY2023,Aug-2023,2023-08
20230828,2023-08-28,2023,3,Q3,8,August,Aug,35,28,Monday,Mon,1,0,1,0,0,0,0,0,0,FY2023,Aug-2023,2023-08
20230829,2023-08-29,2023,3,Q3,8,August,Aug,35,29,Tuesday,Tue,2,0,1,0,0,0,0,0,0,FY2023,Aug-2023,2023-08
20230830,2023-08-30,2023,3,Q3,8,August,Aug,35,30,Wednesday,Wed,3,0,1,0,0,0,0,0,0,FY2023,Aug-2023,2023-08
20230831,2023-08-31,2023,3,Q3,8,August,Aug,35,31,Thursday,Thu,4,0,1,0,1,0,0,0,0,FY2023,Aug-2023,2023-08
20230901,2023-09-01,2023,3,Q3,9,September,Sep,35,1,Friday,Fri,5,0,1,1,0,0,0,0,0,FY2023,Sep-2023,2023-09
20230902,2023-09-02,2023,3,Q3,9,September,Sep,35,2,Saturday,Sat,6,1,0,0,0,0,0,0,0,FY2023,Sep-2023,2023-09
20230903,2023-09-03,2023,3,Q3,9,September,Sep,35,3,Sunday,Sun,7,1,0,0,0,0,0,0,0,FY2023,Sep-2023,2023-09
20230904,2023-09-04,2023,3,Q3,9,September,Sep,36,4,Monday,Mon,1,0,1,0,0,0,0,0,0,FY2023,Sep-2023,2023-09
20230905,2023-09-05,2023,3,Q3,9,September,Sep,36,5,Tuesday,Tue,2,0,1,0,0,0,0,0,0,FY2023,Sep-2023,2023-09
20230906,2023-09-06,2023,3,Q3,9,September,Sep,36,6,Wednesday,Wed,3,0,1,0,0,0,0,0,0,FY2023,Sep-2023,2023-09
20230907,2023-09-07,2023,3,Q3,9,September,Sep,36,7,Thursday,Thu,4,0,1,0,0,0,0,0,0,FY2023,Sep-2023,2023-09
20230908,2023-09-08,2023,3,Q3,9,September,Sep,36,8,Friday,Fri,5,0,1,0,0,0,0,0,0,FY2023,Sep-2023,2023-09
20230909,2023-09-09,2023,3,Q3,9,September,Sep,36,9,Saturday,Sat,6,1,0,0,0,0,0,0,0,FY2023,Sep-2023,2023-09
20230910,2023-09-10,2023,3,Q3,9,September,Sep,36,10,Sunday,Sun,7,1,0,0,0,0,0,0,0,FY2023,Sep-2023,2023-09
20230911,2023-09-11,2023,3,Q3,9,September,Sep,37,11,Monday,Mon,1,0,1,0,0,0,0,0,0,FY2023,Sep-2023,2023-09
20230912,2023-09-12,2023,3,Q3,9,September,Sep,37,12,Tuesday,Tue,2,0,1,0,0,0,0,0,0,FY2023,Sep-2023,2023-09
20230913,2023-09-13,2023,3,Q3,9,September,Sep,37,13,Wednesday,Wed,3,0,1,0,0,0,0,0,0,FY2023,Sep-2023,2023-09
20230914,2023-09-14,2023,3,Q3,9,September,Sep,37,14,Thursday,Thu,4,0,1,0,0,0,0,0,0,FY2023,Sep-2023,2023-09
20230915,2023-09-15,2023,3,Q3,9,September,Sep,37,15,Friday,Fri,5,0,1,0,0,0,0,0,0,FY2023,Sep-2023,2023-09
20230916,2023-09-16,2023,3,Q3,9,September,Sep,37,16,Saturday,Sat,6,1,0,0,0,0,0,0,0,FY2023,Sep-2023,2023-09
20230917,2023-09-17,2023,3,Q3,9,September,Sep,37,17,Sunday,Sun,7,1,0,0,0,0,0,0,0,FY2023,Sep-2023,2023-09
20230918,2023-09-18,2023,3,Q3,9,September,Sep,38,18,Monday,Mon,1,0,1,0,0,0,0,0,0,FY2023,Sep-2023,2023-09
20230919,2023-09-19,2023,3,Q3,9,September,Sep,38,19,Tuesday,Tue,2,0,1,0,0,0,0,0,0,FY2023,Sep-2023,2023-09
20230920,2023-09-20,2023,3,Q3,9,September,Sep,38,20,Wednesday,Wed,3,0,1,0,0,0,0,0,0,FY2023,Sep-2023,2023-09
20230921,2023-09-21,2023,3,Q3,9,September,Sep,38,21,Thursday,Thu,4,0,1,0,0,0,0,0,0,FY2023,Sep-2023,2023-09
20230922,2023-09-22,2023,3,Q3,9,September,Sep,38,22,Friday,Fri,5,0,1,0,0,0,0,0,0,FY2023,Sep-2023,2023-09
20230923,2023-09-23,2023,3,Q3,9,September,Sep,38,23,Saturday,Sat,6,1,0,0,0,0,0,0,0,FY2023,Sep-2023,2023-09
20230924,2023-09-24,2023,3,Q3,9,September,Sep,38,24,Sunday,Sun,7,1,0,0,0,0,0,0,0,FY2023,Sep-2023,2023-09
20230925,2023-09-25,2023,3,Q3,9,September,Sep,39,25,Monday,Mon,1,0,1,0,0,0,0,0,0,FY2023,Sep-2023,2023-09
20230926,2023-09-26,2023,3,Q3,9,September,Sep,39,26,Tuesday,Tue,2,0,1,0,0,0,0,0,0,FY2023,Sep-2023,2023-09
20230927,2023-09-27,2023,3,Q3,9,September,Sep,39,27,Wednesday,Wed,3,0,1,0,0,0,0,0,0,FY2023,Sep-2023,2023-09
20230928,2023-09-28,2023,3,Q3,9,September,Sep,39,28,Thursday,Thu,4,0,1,0,0,0,0,0,0,FY2023,Sep-2023,2023-09
20230929,2023-09-29,2023,3,Q3,9,September,Sep,39,29,Friday,Fri,5,0,1,0,0,0,0,0,0,FY2023,Sep-2023,2023-09
20230930,2023-09-30,2023,3,Q3,9,September,Sep,39,30,Saturday,Sat,6,1,0,0,1,0,1,0,0,FY2023,Sep-2023,2023-09
20231001,2023-10-01,2023,4,Q4,10,October,Oct,39,1,Sunday,Sun,7,1,0,1,0,1,0,0,0,FY2023,Oct-2023,2023-10
20231002,2023-10-02,2023,4,Q4,10,October,Oct,40,2,Monday,Mon,1,0,1,0,0,0,0,0,0,FY2023,Oct-2023,2023-10
20231003,2023-10-03,2023,4,Q4,10,October,Oct,40,3,Tuesday,Tue,2,0,1,0,0,0,0,0,0,FY2023,Oct-2023,2023-10
20231004,2023-10-04,2023,4,Q4,10,October,Oct,40,4,Wednesday,Wed,3,0,1,0,0,0,0,0,0,FY2023,Oct-2023,2023-10
20231005,2023-10-05,2023,4,Q4,10,October,Oct,40,5,Thursday,Thu,4,0,1,0,0,0,0,0,0,FY2023,Oct-2023,2023-10
20231006,2023-10-06,2023,4,Q4,10,October,Oct,40,6,Friday,Fri,5,0,1,0,0,0,0,0,0,FY2023,Oct-2023,2023-10
20231007,2023-10-07,2023,4,Q4,10,October,Oct,40,7,Saturday,Sat,6,1,0,0,0,0,0,0,0,FY2023,Oct-2023,2023-10
20231008,2023-10-08,2023,4,Q4,10,October,Oct,40,8,Sunday,Sun,7,1,0,0,0,0,0,0,0,FY2023,Oct-2023,2023-10
20231009,2023-10-09,2023,4,Q4,10,October,Oct,41,9,Monday,Mon,1,0,1,0,0,0,0,0,0,FY2023,Oct-2023,2023-10
20231010,2023-10-10,2023,4,Q4,10,October,Oct,41,10,Tuesday,Tue,2,0,1,0,0,0,0,0,0,FY2023,Oct-2023,2023-10
20231011,2023-10-11,2023,4,Q4,10,October,Oct,41,11,Wednesday,Wed,3,0,1,0,0,0,0,0,0,FY2023,Oct-2023,2023-10
20231012,2023-10-12,2023,4,Q4,10,October,Oct,41,12,Thursday,Thu,4,0,1,0,0,0,0,0,0,FY2023,Oct-2023,2023-10
20231013,2023-10-13,2023,4,Q4,10,October,Oct,41,13,Friday,Fri,5,0,1,0,0,0,0,0,0,FY2023,Oct-2023,2023-10
20231014,2023-10-14,2023,4,Q4,10,October,Oct,41,14,Saturday,Sat,6,1,0,0,0,0,0,0,0,FY2023,Oct-2023,2023-10
20231015,2023-10-15,2023,4,Q4,10,October,Oct,41,15,Sunday,Sun,7,1,0,0,0,0,0,0,0,FY2023,Oct-2023,2023-10
20231016,2023-10-16,2023,4,Q4,10,October,Oct,42,16,Monday,Mon,1,0,1,0,0,0,0,0,0,FY2023,Oct-2023,2023-10
20231017,2023-10-17,2023,4,Q4,10,October,Oct,42,17,Tuesday,Tue,2,0,1,0,0,0,0,0,0,FY2023,Oct-2023,2023-10
20231018,2023-10-18,2023,4,Q4,10,October,Oct,42,18,Wednesday,Wed,3,0,1,0,0,0,0,0,0,FY2023,Oct-2023,2023-10
20231019,2023-10-19,2023,4,Q4,10,October,Oct,42,19,Thursday,Thu,4,0,1,0,0,0,0,0,0,FY2023,Oct-2023,2023-10
20231020,2023-10-20,2023,4,Q4,10,October,Oct,42,20,Friday,Fri,5,0,1,0,0,0,0,0,0,FY2023,Oct-2023,2023-10
20231021,2023-10-21,2023,4,Q4,10,October,Oct,42,21,Saturday,Sat,6,1,0,0,0,0,0,0,0,FY2023,Oct-2023,2023-10
20231022,2023-10-22,2023,4,Q4,10,October,Oct,42,22,Sunday,Sun,7,1,0,0,0,0,0,0,0,FY2023,Oct-2023,2023-10
20231023,2023-10-23,2023,4,Q4,10,October,Oct,43,23,Monday,Mon,1,0,1,0,0,0,0,0,0,FY2023,Oct-2023,2023-10
20231024,2023-10-24,2023,4,Q4,10,October,Oct,43,24,Tuesday,Tue,2,0,1,0,0,0,0,0,0,FY2023,Oct-2023,2023-10
20231025,2023-10-25,2023,4,Q4,10,October,Oct,43,25,Wednesday,Wed,3,0,1,0,0,0,0,0,0,FY2023,Oct-2023,2023-10
20231026,2023-10-26,2023,4,Q4,10,October,Oct,43,26,Thursday,Thu,4,0,1,0,0,0,0,0,0,FY2023,Oct-2023,2023-10
20231027,2023-10-27,2023,4,Q4,10,October,Oct,43,27,Friday,Fri,5,0,1,0,0,0,0,0,0,FY2023,Oct-2023,2023-10
20231028,2023-10-28,2023,4,Q4,10,October,Oct,43,28,Saturday,Sat,6,1,0,0,0,0,0,0,0,FY2023,Oct-2023,2023-10
20231029,2023-10-29,2023,4,Q4,10,October,Oct,43,29,Sunday,Sun,7,1,0,0,0,0,0,0,0,FY2023,Oct-2023,2023-10
20231030,2023-10-30,2023,4,Q4,10,October,Oct,44,30,Monday,Mon,1,0,1,0,0,0,0,0,0,FY2023,Oct-2023,2023-10
20231031,2023-10-31,2023,4,Q4,10,October,Oct,44,31,Tuesday,Tue,2,0,1,0,1,0,0,0,0,FY2023,Oct-2023,2023-10
20231101,2023-11-01,2023,4,Q4,11,November,Nov,44,1,Wednesday,Wed,3,0,1,1,0,0,0,0,0,FY2023,Nov-2023,2023-11
20231102,2023-11-02,2023,4,Q4,11,November,Nov,44,2,Thursday,Thu,4,0,1,0,0,0,0,0,0,FY2023,Nov-2023,2023-11
20231103,2023-11-03,2023,4,Q4,11,November,Nov,44,3,Friday,Fri,5,0,1,0,0,0,0,0,0,FY2023,Nov-2023,2023-11
20231104,2023-11-04,2023,4,Q4,11,November,Nov,44,4,Saturday,Sat,6,1,0,0,0,0,0,0,0,FY2023,Nov-2023,2023-11
20231105,2023-11-05,2023,4,Q4,11,November,Nov,44,5,Sunday,Sun,7,1,0,0,0,0,0,0,0,FY2023,Nov-2023,2023-11
20231106,2023-11-06,2023,4,Q4,11,November,Nov,45,6,Monday,Mon,1,0,1,0,0,0,0,0,0,FY2023,Nov-2023,2023-11
20231107,2023-11-07,2023,4,Q4,11,November,Nov,45,7,Tuesday,Tue,2,0,1,0,0,0,0,0,0,FY2023,Nov-2023,2023-11
20231108,2023-11-08,2023,4,Q4,11,November,Nov,45,8,Wednesday,Wed,3,0,1,0,0,0,0,0,0,FY2023,Nov-2023,2023-11
20231109,2023-11-09,2023,4,Q4,11,November,Nov,45,9,Thursday,Thu,4,0,1,0,0,0,0,0,0,FY2023,Nov-2023,2023-11
20231110,2023-11-10,2023,4,Q4,11,November,Nov,45,10,Friday,Fri,5,0,1,0,0,0,0,0,0,FY2023,Nov-2023,2023-11
20231111,2023-11-11,2023,4,Q4,11,November,Nov,45,11,Saturday,Sat,6,1,0,0,0,0,0,0,0,FY2023,Nov-2023,2023-11
20231112,2023-11-12,2023,4,Q4,11,November,Nov,45,12,Sunday,Sun,7,1,0,0,0,0,0,0,0,FY2023,Nov-2023,2023-11
20231113,2023-11-13,2023,4,Q4,11,November,Nov,46,13,Monday,Mon,1,0,1,0,0,0,0,0,0,FY2023,Nov-2023,2023-11
20231114,2023-11-14,2023,4,Q4,11,November,Nov,46,14,Tuesday,Tue,2,0,1,0,0,0,0,0,0,FY2023,Nov-2023,2023-11
20231115,2023-11-15,2023,4,Q4,11,November,Nov,46,15,Wednesday,Wed,3,0,1,0,0,0,0,0,0,FY2023,Nov-2023,2023-11
20231116,2023-11-16,2023,4,Q4,11,November,Nov,46,16,Thursday,Thu,4,0,1,0,0,0,0,0,0,FY2023,Nov-2023,2023-11
20231117,2023-11-17,2023,4,Q4,11,November,Nov,46,17,Friday,Fri,5,0,1,0,0,0,0,0,0,FY2023,Nov-2023,2023-11
20231118,2023-11-18,2023,4,Q4,11,November,Nov,46,18,Saturday,Sat,6,1,0,0,0,0,0,0,0,FY2023,Nov-2023,2023-11
20231119,2023-11-19,2023,4,Q4,11,November,Nov,46,19,Sunday,Sun,7,1,0,0,0,0,0,0,0,FY2023,Nov-2023,2023-11
20231120,2023-11-20,2023,4,Q4,11,November,Nov,47,20,Monday,Mon,1,0,1,0,0,0,0,0,0,FY2023,Nov-2023,2023-11
20231121,2023-11-21,2023,4,Q4,11,November,Nov,47,21,Tuesday,Tue,2,0,1,0,0,0,0,0,0,FY2023,Nov-2023,2023-11
20231122,2023-11-22,2023,4,Q4,11,November,Nov,47,22,Wednesday,Wed,3,0,1,0,0,0,0,0,0,FY2023,Nov-2023,2023-11
20231123,2023-11-23,2023,4,Q4,11,November,Nov,47,23,Thursday,Thu,4,0,1,0,0,0,0,0,0,FY2023,Nov-2023,2023-11
20231124,2023-11-24,2023,4,Q4,11,November,Nov,47,24,Friday,Fri,5,0,1,0,0,0,0,0,0,FY2023,Nov-2023,2023-11
20231125,2023-11-25,2023,4,Q4,11,November,Nov,47,25,Saturday,Sat,6,1,0,0,0,0,0,0,0,FY2023,Nov-2023,2023-11
20231126,2023-11-26,2023,4,Q4,11,November,Nov,47,26,Sunday,Sun,7,1,0,0,0,0,0,0,0,FY2023,Nov-2023,2023-11
20231127,2023-11-27,2023,4,Q4,11,November,Nov,48,27,Monday,Mon,1,0,1,0,0,0,0,0,0,FY2023,Nov-2023,2023-11
20231128,2023-11-28,2023,4,Q4,11,November,Nov,48,28,Tuesday,Tue,2,0,1,0,0,0,0,0,0,FY2023,Nov-2023,2023-11
20231129,2023-11-29,2023,4,Q4,11,November,Nov,48,29,Wednesday,Wed,3,0,1,0,0,0,0,0,0,FY2023,Nov-2023,2023-11
20231130,2023-11-30,2023,4,Q4,11,November,Nov,48,30,Thursday,Thu,4,0,1,0,1,0,0,0,0,FY2023,Nov-2023,2023-11
20231201,2023-12-01,2023,4,Q4,12,December,Dec,48,1,Friday,Fri,5,0,1,1,0,0,0,0,0,FY2023,Dec-2023,2023-12
20231202,2023-12-02,2023,4,Q4,12,December,Dec,48,2,Saturday,Sat,6,1,0,0,0,0,0,0,0,FY2023,Dec-2023,2023-12
20231203,2023-12-03,2023,4,Q4,12,December,Dec,48,3,Sunday,Sun,7,1,0,0,0,0,0,0,0,FY2023,Dec-2023,2023-12
20231204,2023-12-04,2023,4,Q4,12,December,Dec,49,4,Monday,Mon,1,0,1,0,0,0,0,0,0,FY2023,Dec-2023,2023-12
20231205,2023-12-05,2023,4,Q4,12,December,Dec,49,5,Tuesday,Tue,2,0,1,0,0,0,0,0,0,FY2023,Dec-2023,2023-12
20231206,2023-12-06,2023,4,Q4,12,December,Dec,49,6,Wednesday,Wed,3,0,1,0,0,0,0,0,0,FY2023,Dec-2023,2023-12
20231207,2023-12-07,2023,4,Q4,12,December,Dec,49,7,Thursday,Thu,4,0,1,0,0,0,0,0,0,FY2023,Dec-2023,2023-12
20231208,2023-12-08,2023,4,Q4,12,December,Dec,49,8,Friday,Fri,5,0,1,0,0,0,0,0,0,FY2023,Dec-2023,2023-12
20231209,2023-12-09,2023,4,Q4,12,December,Dec,49,9,Saturday,Sat,6,1,0,0,0,0,0,0,0,FY2023,Dec-2023,2023-12
20231210,2023-12-10,2023,4,Q4,12,December,Dec,49,10,Sunday,Sun,7,1,0,0,0,0,0,0,0,FY2023,Dec-2023,2023-12
20231211,2023-12-11,2023,4,Q4,12,December,Dec,50,11,Monday,Mon,1,0,1,0,0,0,0,0,0,FY2023,Dec-2023,2023-12
20231212,2023-12-12,2023,4,Q4,12,December,Dec,50,12,Tuesday,Tue,2,0,1,0,0,0,0,0,0,FY2023,Dec-2023,2023-12
20231213,2023-12-13,2023,4,Q4,12,December,Dec,50,13,Wednesday,Wed,3,0,1,0,0,0,0,0,0,FY2023,Dec-2023,2023-12
20231214,2023-12-14,2023,4,Q4,12,December,Dec,50,14,Thursday,Thu,4,0,1,0,0,0,0,0,0,FY2023,Dec-2023,2023-12
20231215,2023-12-15,2023,4,Q4,12,December,Dec,50,15,Friday,Fri,5,0,1,0,0,0,0,0,0,FY2023,Dec-2023,2023-12
20231216,2023-12-16,2023,4,Q4,12,December,Dec,50,16,Saturday,Sat,6,1,0,0,0,0,0,0,0,FY2023,Dec-2023,2023-12
20231217,2023-12-17,2023,4,Q4,12,December,Dec,50,17,Sunday,Sun,7,1,0,0,0,0,0,0,0,FY2023,Dec-2023,2023-12
20231218,2023-12-18,2023,4,Q4,12,December,Dec,51,18,Monday,Mon,1,0,1,0,0,0,0,0,0,FY2023,Dec-2023,2023-12
20231219,2023-12-19,2023,4,Q4,12,December,Dec,51,19,Tuesday,Tue,2,0,1,0,0,0,0,0,0,FY2023,Dec-2023,2023-12
20231220,2023-12-20,2023,4,Q4,12,December,Dec,51,20,Wednesday,Wed,3,0,1,0,0,0,0,0,0,FY2023,Dec-2023,2023-12
20231221,2023-12-21,2023,4,Q4,12,December,Dec,51,21,Thursday,Thu,4,0,1,0,0,0,0,0,0,FY2023,Dec-2023,2023-12
20231222,2023-12-22,2023,4,Q4,12,December,Dec,51,22,Friday,Fri,5,0,1,0,0,0,0,0,0,FY2023,Dec-2023,2023-12
20231223,2023-12-23,2023,4,Q4,12,December,Dec,51,23,Saturday,Sat,6,1,0,0,0,0,0,0,0,FY2023,Dec-2023,2023-12
20231224,2023-12-24,2023,4,Q4,12,December,Dec,51,24,Sunday,Sun,7,1,0,0,0,0,0,0,0,FY2023,Dec-2023,2023-12
20231225,2023-12-25,2023,4,Q4,12,December,Dec,52,25,Monday,Mon,1,0,1,0,0,0,0,0,0,FY2023,Dec-2023,2023-12
20231226,2023-12-26,2023,4,Q4,12,December,Dec,52,26,Tuesday,Tue,2,0,1,0,0,0,0,0,0,FY2023,Dec-2023,2023-12
20231227,2023-12-27,2023,4,Q4,12,December,Dec,52,27,Wednesday,Wed,3,0,1,0,0,0,0,0,0,FY2023,Dec-2023,2023-12
20231228,2023-12-28,2023,4,Q4,12,December,Dec,52,28,Thursday,Thu,4,0,1,0,0,0,0,0,0,FY2023,Dec-2023,2023-12
20231229,2023-12-29,2023,4,Q4,12,December,Dec,52,29,Friday,Fri,5,0,1,0,0,0,0,0,0,FY2023,Dec-2023,2023-12
20231230,2023-12-30,2023,4,Q4,12,December,Dec,52,30,Saturday,Sat,6,1,0,0,0,0,0,0,0,FY2023,Dec-2023,2023-12
20231231,2023-12-31,2023,4,Q4,12,December,Dec,52,31,Sunday,Sun,7,1,0,0,1,0,1,0,1,FY2023,Dec-2023,2023-12
20240101,2024-01-01,2024,1,Q1,1,January,Jan,1,1,Monday,Mon,1,0,1,1,0,1,0,1,0,FY2024,Jan-2024,2024-01
20240102,2024-01-02,2024,1,Q1,1,January,Jan,1,2,Tuesday,Tue,2,0,1,0,0,0,0,0,0,FY2024,Jan-2024,2024-01
20240103,2024-01-03,2024,1,Q1,1,January,Jan,1,3,Wednesday,Wed,3,0,1,0,0,0,0,0,0,FY2024,Jan-2024,2024-01
20240104,2024-01-04,2024,1,Q1,1,January,Jan,1,4,Thursday,Thu,4,0,1,0,0,0,0,0,0,FY2024,Jan-2024,2024-01
20240105,2024-01-05,2024,1,Q1,1,January,Jan,1,5,Friday,Fri,5,0,1,0,0,0,0,0,0,FY2024,Jan-2024,2024-01
20240106,2024-01-06,2024,1,Q1,1,January,Jan,1,6,Saturday,Sat,6,1,0,0,0,0,0,0,0,FY2024,Jan-2024,2024-01
20240107,2024-01-07,2024,1,Q1,1,January,Jan,1,7,Sunday,Sun,7,1,0,0,0,0,0,0,0,FY2024,Jan-2024,2024-01
20240108,2024-01-08,2024,1,Q1,1,January,Jan,2,8,Monday,Mon,1,0,1,0,0,0,0,0,0,FY2024,Jan-2024,2024-01
20240109,2024-01-09,2024,1,Q1,1,January,Jan,2,9,Tuesday,Tue,2,0,1,0,0,0,0,0,0,FY2024,Jan-2024,2024-01
20240110,2024-01-10,2024,1,Q1,1,January,Jan,2,10,Wednesday,Wed,3,0,1,0,0,0,0,0,0,FY2024,Jan-2024,2024-01
20240111,2024-01-11,2024,1,Q1,1,January,Jan,2,11,Thursday,Thu,4,0,1,0,0,0,0,0,0,FY2024,Jan-2024,2024-01
20240112,2024-01-12,2024,1,Q1,1,January,Jan,2,12,Friday,Fri,5,0,1,0,0,0,0,0,0,FY2024,Jan-2024,2024-01
20240113,2024-01-13,2024,1,Q1,1,January,Jan,2,13,Saturday,Sat,6,1,0,0,0,0,0,0,0,FY2024,Jan-2024,2024-01
20240114,2024-01-14,2024,1,Q1,1,January,Jan,2,14,Sunday,Sun,7,1,0,0,0,0,0,0,0,FY2024,Jan-2024,2024-01
20240115,2024-01-15,2024,1,Q1,1,January,Jan,3,15,Monday,Mon,1,0,1,0,0,0,0,0,0,FY2024,Jan-2024,2024-01
20240116,2024-01-16,2024,1,Q1,1,January,Jan,3,16,Tuesday,Tue,2,0,1,0,0,0,0,0,0,FY2024,Jan-2024,2024-01
20240117,2024-01-17,2024,1,Q1,1,January,Jan,3,17,Wednesday,Wed,3,0,1,0,0,0,0,0,0,FY2024,Jan-2024,2024-01
20240118,2024-01-18,2024,1,Q1,1,January,Jan,3,18,Thursday,Thu,4,0,1,0,0,0,0,0,0,FY2024,Jan-2024,2024-01
20240119,2024-01-19,2024,1,Q1,1,January,Jan,3,19,Friday,Fri,5,0,1,0,0,0,0,0,0,FY2024,Jan-2024,2024-01
20240120,2024-01-20,2024,1,Q1,1,January,Jan,3,20,Saturday,Sat,6,1,0,0,0,0,0,0,0,FY2024,Jan-2024,2024-01
20240121,2024-01-21,2024,1,Q1,1,January,Jan,3,21,Sunday,Sun,7,1,0,0,0,0,0,0,0,FY2024,Jan-2024,2024-01
20240122,2024-01-22,2024,1,Q1,1,January,Jan,4,22,Monday,Mon,1,0,1,0,0,0,0,0,0,FY2024,Jan-2024,2024-01
20240123,2024-01-23,2024,1,Q1,1,January,Jan,4,23,Tuesday,Tue,2,0,1,0,0,0,0,0,0,FY2024,Jan-2024,2024-01
20240124,2024-01-24,2024,1,Q1,1,January,Jan,4,24,Wednesday,Wed,3,0,1,0,0,0,0,0,0,FY2024,Jan-2024,2024-01
20240125,2024-01-25,2024,1,Q1,1,January,Jan,4,25,Thursday,Thu,4,0,1,0,0,0,0,0,0,FY2024,Jan-2024,2024-01
20240126,2024-01-26,2024,1,Q1,1,January,Jan,4,26,Friday,Fri,5,0,1,0,0,0,0,0,0,FY2024,Jan-2024,2024-01
20240127,2024-01-27,2024,1,Q1,1,January,Jan,4,27,Saturday,Sat,6,1,0,0,0,0,0,0,0,FY2024,Jan-2024,2024-01
20240128,2024-01-28,2024,1,Q1,1,January,Jan,4,28,Sunday,Sun,7,1,0,0,0,0,0,0,0,FY2024,Jan-2024,2024-01
20240129,2024-01-29,2024,1,Q1,1,January,Jan,5,29,Monday,Mon,1,0,1,0,0,0,0,0,0,FY2024,Jan-2024,2024-01
20240130,2024-01-30,2024,1,Q1,1,January,Jan,5,30,Tuesday,Tue,2,0,1,0,0,0,0,0,0,FY2024,Jan-2024,2024-01
20240131,2024-01-31,2024,1,Q1,1,January,Jan,5,31,Wednesday,Wed,3,0,1,0,1,0,0,0,0,FY2024,Jan-2024,2024-01
20240201,2024-02-01,2024,1,Q1,2,February,Feb,5,1,Thursday,Thu,4,0,1,1,0,0,0,0,0,FY2024,Feb-2024,2024-02
20240202,2024-02-02,2024,1,Q1,2,February,Feb,5,2,Friday,Fri,5,0,1,0,0,0,0,0,0,FY2024,Feb-2024,2024-02
20240203,2024-02-03,2024,1,Q1,2,February,Feb,5,3,Saturday,Sat,6,1,0,0,0,0,0,0,0,FY2024,Feb-2024,2024-02
20240204,2024-02-04,2024,1,Q1,2,February,Feb,5,4,Sunday,Sun,7,1,0,0,0,0,0,0,0,FY2024,Feb-2024,2024-02
20240205,2024-02-05,2024,1,Q1,2,February,Feb,6,5,Monday,Mon,1,0,1,0,0,0,0,0,0,FY2024,Feb-2024,2024-02
20240206,2024-02-06,2024,1,Q1,2,February,Feb,6,6,Tuesday,Tue,2,0,1,0,0,0,0,0,0,FY2024,Feb-2024,2024-02
20240207,2024-02-07,2024,1,Q1,2,February,Feb,6,7,Wednesday,Wed,3,0,1,0,0,0,0,0,0,FY2024,Feb-2024,2024-02
20240208,2024-02-08,2024,1,Q1,2,February,Feb,6,8,Thursday,Thu,4,0,1,0,0,0,0,0,0,FY2024,Feb-2024,2024-02
20240209,2024-02-09,2024,1,Q1,2,February,Feb,6,9,Friday,Fri,5,0,1,0,0,0,0,0,0,FY2024,Feb-2024,2024-02
20240210,2024-02-10,2024,1,Q1,2,February,Feb,6,10,Saturday,Sat,6,1,0,0,0,0,0,0,0,FY2024,Feb-2024,2024-02
20240211,2024-02-11,2024,1,Q1,2,February,Feb,6,11,Sunday,Sun,7,1,0,0,0,0,0,0,0,FY2024,Feb-2024,2024-02
20240212,2024-02-12,2024,1,Q1,2,February,Feb,7,12,Monday,Mon,1,0,1,0,0,0,0,0,0,FY2024,Feb-2024,2024-02
20240213,2024-02-13,2024,1,Q1,2,February,Feb,7,13,Tuesday,Tue,2,0,1,0,0,0,0,0,0,FY2024,Feb-2024,2024-02
20240214,2024-02-14,2024,1,Q1,2,February,Feb,7,14,Wednesday,Wed,3,0,1,0,0,0,0,0,0,FY2024,Feb-2024,2024-02
20240215,2024-02-15,2024,1,Q1,2,February,Feb,7,15,Thursday,Thu,4,0,1,0,0,0,0,0,0,FY2024,Feb-2024,2024-02
20240216,2024-02-16,2024,1,Q1,2,February,Feb,7,16,Friday,Fri,5,0,1,0,0,0,0,0,0,FY2024,Feb-2024,2024-02
20240217,2024-02-17,2024,1,Q1,2,February,Feb,7,17,Saturday,Sat,6,1,0,0,0,0,0,0,0,FY2024,Feb-2024,2024-02
20240218,2024-02-18,2024,1,Q1,2,February,Feb,7,18,Sunday,Sun,7,1,0,0,0,0,0,0,0,FY2024,Feb-2024,2024-02
20240219,2024-02-19,2024,1,Q1,2,February,Feb,8,19,Monday,Mon,1,0,1,0,0,0,0,0,0,FY2024,Feb-2024,2024-02
20240220,2024-02-20,2024,1,Q1,2,February,Feb,8,20,Tuesday,Tue,2,0,1,0,0,0,0,0,0,FY2024,Feb-2024,2024-02
20240221,2024-02-21,2024,1,Q1,2,February,Feb,8,21,Wednesday,Wed,3,0,1,0,0,0,0,0,0,FY2024,Feb-2024,2024-02
20240222,2024-02-22,2024,1,Q1,2,February,Feb,8,22,Thursday,Thu,4,0,1,0,0,0,0,0,0,FY2024,Feb-2024,2024-02
20240223,2024-02-23,2024,1,Q1,2,February,Feb,8,23,Friday,Fri,5,0,1,0,0,0,0,0,0,FY2024,Feb-2024,2024-02
20240224,2024-02-24,2024,1,Q1,2,February,Feb,8,24,Saturday,Sat,6,1,0,0,0,0,0,0,0,FY2024,Feb-2024,2024-02
20240225,2024-02-25,2024,1,Q1,2,February,Feb,8,25,Sunday,Sun,7,1,0,0,0,0,0,0,0,FY2024,Feb-2024,2024-02
20240226,2024-02-26,2024,1,Q1,2,February,Feb,9,26,Monday,Mon,1,0,1,0,0,0,0,0,0,FY2024,Feb-2024,2024-02
20240227,2024-02-27,2024,1,Q1,2,February,Feb,9,27,Tuesday,Tue,2,0,1,0,0,0,0,0,0,FY2024,Feb-2024,2024-02
20240228,2024-02-28,2024,1,Q1,2,February,Feb,9,28,Wednesday,Wed,3,0,1,0,0,0,0,0,0,FY2024,Feb-2024,2024-02
20240229,2024-02-29,2024,1,Q1,2,February,Feb,9,29,Thursday,Thu,4,0,1,0,1,0,0,0,0,FY2024,Feb-2024,2024-02
20240301,2024-03-01,2024,1,Q1,3,March,Mar,9,1,Friday,Fri,5,0,1,1,0,0,0,0,0,FY2024,Mar-2024,2024-03
20240302,2024-03-02,2024,1,Q1,3,March,Mar,9,2,Saturday,Sat,6,1,0,0,0,0,0,0,0,FY2024,Mar-2024,2024-03
20240303,2024-03-03,2024,1,Q1,3,March,Mar,9,3,Sunday,Sun,7,1,0,0,0,0,0,0,0,FY2024,Mar-2024,2024-03
20240304,2024-03-04,2024,1,Q1,3,March,Mar,10,4,Monday,Mon,1,0,1,0,0,0,0,0,0,FY2024,Mar-2024,2024-03
20240305,2024-03-05,2024,1,Q1,3,March,Mar,10,5,Tuesday,Tue,2,0,1,0,0,0,0,0,0,FY2024,Mar-2024,2024-03
20240306,2024-03-06,2024,1,Q1,3,March,Mar,10,6,Wednesday,Wed,3,0,1,0,0,0,0,0,0,FY2024,Mar-2024,2024-03
20240307,2024-03-07,2024,1,Q1,3,March,Mar,10,7,Thursday,Thu,4,0,1,0,0,0,0,0,0,FY2024,Mar-2024,2024-03
20240308,2024-03-08,2024,1,Q1,3,March,Mar,10,8,Friday,Fri,5,0,1,0,0,0,0,0,0,FY2024,Mar-2024,2024-03
20240309,2024-03-09,2024,1,Q1,3,March,Mar,10,9,Saturday,Sat,6,1,0,0,0,0,0,0,0,FY2024,Mar-2024,2024-03
20240310,2024-03-10,2024,1,Q1,3,March,Mar,10,10,Sunday,Sun,7,1,0,0,0,0,0,0,0,FY2024,Mar-2024,2024-03
20240311,2024-03-11,2024,1,Q1,3,March,Mar,11,11,Monday,Mon,1,0,1,0,0,0,0,0,0,FY2024,Mar-2024,2024-03
20240312,2024-03-12,2024,1,Q1,3,March,Mar,11,12,Tuesday,Tue,2,0,1,0,0,0,0,0,0,FY2024,Mar-2024,2024-03
20240313,2024-03-13,2024,1,Q1,3,March,Mar,11,13,Wednesday,Wed,3,0,1,0,0,0,0,0,0,FY2024,Mar-2024,2024-03
20240314,2024-03-14,2024,1,Q1,3,March,Mar,11,14,Thursday,Thu,4,0,1,0,0,0,0,0,0,FY2024,Mar-2024,2024-03
20240315,2024-03-15,2024,1,Q1,3,March,Mar,11,15,Friday,Fri,5,0,1,0,0,0,0,0,0,FY2024,Mar-2024,2024-03
20240316,2024-03-16,2024,1,Q1,3,March,Mar,11,16,Saturday,Sat,6,1,0,0,0,0,0,0,0,FY2024,Mar-2024,2024-03
20240317,2024-03-17,2024,1,Q1,3,March,Mar,11,17,Sunday,Sun,7,1,0,0,0,0,0,0,0,FY2024,Mar-2024,2024-03
20240318,2024-03-18,2024,1,Q1,3,March,Mar,12,18,Monday,Mon,1,0,1,0,0,0,0,0,0,FY2024,Mar-2024,2024-03
20240319,2024-03-19,2024,1,Q1,3,March,Mar,12,19,Tuesday,Tue,2,0,1,0,0,0,0,0,0,FY2024,Mar-2024,2024-03
20240320,2024-03-20,2024,1,Q1,3,March,Mar,12,20,Wednesday,Wed,3,0,1,0,0,0,0,0,0,FY2024,Mar-2024,2024-03
20240321,2024-03-21,2024,1,Q1,3,March,Mar,12,21,Thursday,Thu,4,0,1,0,0,0,0,0,0,FY2024,Mar-2024,2024-03
20240322,2024-03-22,2024,1,Q1,3,March,Mar,12,22,Friday,Fri,5,0,1,0,0,0,0,0,0,FY2024,Mar-2024,2024-03
20240323,2024-03-23,2024,1,Q1,3,March,Mar,12,23,Saturday,Sat,6,1,0,0,0,0,0,0,0,FY2024,Mar-2024,2024-03
20240324,2024-03-24,2024,1,Q1,3,March,Mar,12,24,Sunday,Sun,7,1,0,0,0,0,0,0,0,FY2024,Mar-2024,2024-03
20240325,2024-03-25,2024,1,Q1,3,March,Mar,13,25,Monday,Mon,1,0,1,0,0,0,0,0,0,FY2024,Mar-2024,2024-03
20240326,2024-03-26,2024,1,Q1,3,March,Mar,13,26,Tuesday,Tue,2,0,1,0,0,0,0,0,0,FY2024,Mar-2024,2024-03
20240327,2024-03-27,2024,1,Q1,3,March,Mar,13,27,Wednesday,Wed,3,0,1,0,0,0,0,0,0,FY2024,Mar-2024,2024-03
20240328,2024-03-28,2024,1,Q1,3,March,Mar,13,28,Thursday,Thu,4,0,1,0,0,0,0,0,0,FY2024,Mar-2024,2024-03
20240329,2024-03-29,2024,1,Q1,3,March,Mar,13,29,Friday,Fri,5,0,1,0,0,0,0,0,0,FY2024,Mar-2024,2024-03
20240330,2024-03-30,2024,1,Q1,3,March,Mar,13,30,Saturday,Sat,6,1,0,0,0,0,0,0,0,FY2024,Mar-2024,2024-03
20240331,2024-03-31,2024,1,Q1,3,March,Mar,13,31,Sunday,Sun,7,1,0,0,1,0,1,0,0,FY2024,Mar-2024,2024-03
20240401,2024-04-01,2024,2,Q2,4,April,Apr,14,1,Monday,Mon,1,0,1,1,0,1,0,0,0,FY2024,Apr-2024,2024-04
20240402,2024-04-02,2024,2,Q2,4,April,Apr,14,2,Tuesday,Tue,2,0,1,0,0,0,0,0,0,FY2024,Apr-2024,2024-04
20240403,2024-04-03,2024,2,Q2,4,April,Apr,14,3,Wednesday,Wed,3,0,1,0,0,0,0,0,0,FY2024,Apr-2024,2024-04
20240404,2024-04-04,2024,2,Q2,4,April,Apr,14,4,Thursday,Thu,4,0,1,0,0,0,0,0,0,FY2024,Apr-2024,2024-04
20240405,2024-04-05,2024,2,Q2,4,April,Apr,14,5,Friday,Fri,5,0,1,0,0,0,0,0,0,FY2024,Apr-2024,2024-04
20240406,2024-04-06,2024,2,Q2,4,April,Apr,14,6,Saturday,Sat,6,1,0,0,0,0,0,0,0,FY2024,Apr-2024,2024-04
20240407,2024-04-07,2024,2,Q2,4,April,Apr,14,7,Sunday,Sun,7,1,0,0,0,0,0,0,0,FY2024,Apr-2024,2024-04
20240408,2024-04-08,2024,2,Q2,4,April,Apr,15,8,Monday,Mon,1,0,1,0,0,0,0,0,0,FY2024,Apr-2024,2024-04
20240409,2024-04-09,2024,2,Q2,4,April,Apr,15,9,Tuesday,Tue,2,0,1,0,0,0,0,0,0,FY2024,Apr-2024,2024-04
20240410,2024-04-10,2024,2,Q2,4,April,Apr,15,10,Wednesday,Wed,3,0,1,0,0,0,0,0,0,FY2024,Apr-2024,2024-04
20240411,2024-04-11,2024,2,Q2,4,April,Apr,15,11,Thursday,Thu,4,0,1,0,0,0,0,0,0,FY2024,Apr-2024,2024-04
20240412,2024-04-12,2024,2,Q2,4,April,Apr,15,12,Friday,Fri,5,0,1,0,0,0,0,0,0,FY2024,Apr-2024,2024-04
20240413,2024-04-13,2024,2,Q2,4,April,Apr,15,13,Saturday,Sat,6,1,0,0,0,0,0,0,0,FY2024,Apr-2024,2024-04
20240414,2024-04-14,2024,2,Q2,4,April,Apr,15,14,Sunday,Sun,7,1,0,0,0,0,0,0,0,FY2024,Apr-2024,2024-04
20240415,2024-04-15,2024,2,Q2,4,April,Apr,16,15,Monday,Mon,1,0,1,0,0,0,0,0,0,FY2024,Apr-2024,2024-04
20240416,2024-04-16,2024,2,Q2,4,April,Apr,16,16,Tuesday,Tue,2,0,1,0,0,0,0,0,0,FY2024,Apr-2024,2024-04
20240417,2024-04-17,2024,2,Q2,4,April,Apr,16,17,Wednesday,Wed,3,0,1,0,0,0,0,0,0,FY2024,Apr-2024,2024-04
20240418,2024-04-18,2024,2,Q2,4,April,Apr,16,18,Thursday,Thu,4,0,1,0,0,0,0,0,0,FY2024,Apr-2024,2024-04
20240419,2024-04-19,2024,2,Q2,4,April,Apr,16,19,Friday,Fri,5,0,1,0,0,0,0,0,0,FY2024,Apr-2024,2024-04
20240420,2024-04-20,2024,2,Q2,4,April,Apr,16,20,Saturday,Sat,6,1,0,0,0,0,0,0,0,FY2024,Apr-2024,2024-04
20240421,2024-04-21,2024,2,Q2,4,April,Apr,16,21,Sunday,Sun,7,1,0,0,0,0,0,0,0,FY2024,Apr-2024,2024-04
20240422,2024-04-22,2024,2,Q2,4,April,Apr,17,22,Monday,Mon,1,0,1,0,0,0,0,0,0,FY2024,Apr-2024,2024-04
20240423,2024-04-23,2024,2,Q2,4,April,Apr,17,23,Tuesday,Tue,2,0,1,0,0,0,0,0,0,FY2024,Apr-2024,2024-04
20240424,2024-04-24,2024,2,Q2,4,April,Apr,17,24,Wednesday,Wed,3,0,1,0,0,0,0,0,0,FY2024,Apr-2024,2024-04
20240425,2024-04-25,2024,2,Q2,4,April,Apr,17,25,Thursday,Thu,4,0,1,0,0,0,0,0,0,FY2024,Apr-2024,2024-04
20240426,2024-04-26,2024,2,Q2,4,April,Apr,17,26,Friday,Fri,5,0,1,0,0,0,0,0,0,FY2024,Apr-2024,2024-04
20240427,2024-04-27,2024,2,Q2,4,April,Apr,17,27,Saturday,Sat,6,1,0,0,0,0,0,0,0,FY2024,Apr-2024,2024-04
20240428,2024-04-28,2024,2,Q2,4,April,Apr,17,28,Sunday,Sun,7,1,0,0,0,0,0,0,0,FY2024,Apr-2024,2024-04
20240429,2024-04-29,2024,2,Q2,4,April,Apr,18,29,Monday,Mon,1,0,1,0,0,0,0,0,0,FY2024,Apr-2024,2024-04
20240430,2024-04-30,2024,2,Q2,4,April,Apr,18,30,Tuesday,Tue,2,0,1,0,1,0,0,0,0,FY2024,Apr-2024,2024-04
20240501,2024-05-01,2024,2,Q2,5,May,May,18,1,Wednesday,Wed,3,0,1,1,0,0,0,0,0,FY2024,May-2024,2024-05
20240502,2024-05-02,2024,2,Q2,5,May,May,18,2,Thursday,Thu,4,0,1,0,0,0,0,0,0,FY2024,May-2024,2024-05
20240503,2024-05-03,2024,2,Q2,5,May,May,18,3,Friday,Fri,5,0,1,0,0,0,0,0,0,FY2024,May-2024,2024-05
20240504,2024-05-04,2024,2,Q2,5,May,May,18,4,Saturday,Sat,6,1,0,0,0,0,0,0,0,FY2024,May-2024,2024-05
20240505,2024-05-05,2024,2,Q2,5,May,May,18,5,Sunday,Sun,7,1,0,0,0,0,0,0,0,FY2024,May-2024,2024-05
20240506,2024-05-06,2024,2,Q2,5,May,May,19,6,Monday,Mon,1,0,1,0,0,0,0,0,0,FY2024,May-2024,2024-05
20240507,2024-05-07,2024,2,Q2,5,May,May,19,7,Tuesday,Tue,2,0,1,0,0,0,0,0,0,FY2024,May-2024,2024-05
20240508,2024-05-08,2024,2,Q2,5,May,May,19,8,Wednesday,Wed,3,0,1,0,0,0,0,0,0,FY2024,May-2024,2024-05
20240509,2024-05-09,2024,2,Q2,5,May,May,19,9,Thursday,Thu,4,0,1,0,0,0,0,0,0,FY2024,May-2024,2024-05
20240510,2024-05-10,2024,2,Q2,5,May,May,19,10,Friday,Fri,5,0,1,0,0,0,0,0,0,FY2024,May-2024,2024-05
20240511,2024-05-11,2024,2,Q2,5,May,May,19,11,Saturday,Sat,6,1,0,0,0,0,0,0,0,FY2024,May-2024,2024-05
20240512,2024-05-12,2024,2,Q2,5,May,May,19,12,Sunday,Sun,7,1,0,0,0,0,0,0,0,FY2024,May-2024,2024-05
20240513,2024-05-13,2024,2,Q2,5,May,May,20,13,Monday,Mon,1,0,1,0,0,0,0,0,0,FY2024,May-2024,2024-05
20240514,2024-05-14,2024,2,Q2,5,May,May,20,14,Tuesday,Tue,2,0,1,0,0,0,0,0,0,FY2024,May-2024,2024-05
20240515,2024-05-15,2024,2,Q2,5,May,May,20,15,Wednesday,Wed,3,0,1,0,0,0,0,0,0,FY2024,May-2024,2024-05
20240516,2024-05-16,2024,2,Q2,5,May,May,20,16,Thursday,Thu,4,0,1,0,0,0,0,0,0,FY2024,May-2024,2024-05
20240517,2024-05-17,2024,2,Q2,5,May,May,20,17,Friday,Fri,5,0,1,0,0,0,0,0,0,FY2024,May-2024,2024-05
20240518,2024-05-18,2024,2,Q2,5,May,May,20,18,Saturday,Sat,6,1,0,0,0,0,0,0,0,FY2024,May-2024,2024-05
20240519,2024-05-19,2024,2,Q2,5,May,May,20,19,Sunday,Sun,7,1,0,0,0,0,0,0,0,FY2024,May-2024,2024-05
20240520,2024-05-20,2024,2,Q2,5,May,May,21,20,Monday,Mon,1,0,1,0,0,0,0,0,0,FY2024,May-2024,2024-05
20240521,2024-05-21,2024,2,Q2,5,May,May,21,21,Tuesday,Tue,2,0,1,0,0,0,0,0,0,FY2024,May-2024,2024-05
20240522,2024-05-22,2024,2,Q2,5,May,May,21,22,Wednesday,Wed,3,0,1,0,0,0,0,0,0,FY2024,May-2024,2024-05
20240523,2024-05-23,2024,2,Q2,5,May,May,21,23,Thursday,Thu,4,0,1,0,0,0,0,0,0,FY2024,May-2024,2024-05
20240524,2024-05-24,2024,2,Q2,5,May,May,21,24,Friday,Fri,5,0,1,0,0,0,0,0,0,FY2024,May-2024,2024-05
20240525,2024-05-25,2024,2,Q2,5,May,May,21,25,Saturday,Sat,6,1,0,0,0,0,0,0,0,FY2024,May-2024,2024-05
20240526,2024-05-26,2024,2,Q2,5,May,May,21,26,Sunday,Sun,7,1,0,0,0,0,0,0,0,FY2024,May-2024,2024-05
20240527,2024-05-27,2024,2,Q2,5,May,May,22,27,Monday,Mon,1,0,1,0,0,0,0,0,0,FY2024,May-2024,2024-05
20240528,2024-05-28,2024,2,Q2,5,May,May,22,28,Tuesday,Tue,2,0,1,0,0,0,0,0,0,FY2024,May-2024,2024-05
20240529,2024-05-29,2024,2,Q2,5,May,May,22,29,Wednesday,Wed,3,0,1,0,0,0,0,0,0,FY2024,May-2024,2024-05
20240530,2024-05-30,2024,2,Q2,5,May,May,22,30,Thursday,Thu,4,0,1,0,0,0,0,0,0,FY2024,May-2024,2024-05
20240531,2024-05-31,2024,2,Q2,5,May,May,22,31,Friday,Fri,5,0,1,0,1,0,0,0,0,FY2024,May-2024,2024-05
20240601,2024-06-01,2024,2,Q2,6,June,Jun,22,1,Saturday,Sat,6,1,0,1,0,0,0,0,0,FY2024,Jun-2024,2024-06
20240602,2024-06-02,2024,2,Q2,6,June,Jun,22,2,Sunday,Sun,7,1,0,0,0,0,0,0,0,FY2024,Jun-2024,2024-06
20240603,2024-06-03,2024,2,Q2,6,June,Jun,23,3,Monday,Mon,1,0,1,0,0,0,0,0,0,FY2024,Jun-2024,2024-06
20240604,2024-06-04,2024,2,Q2,6,June,Jun,23,4,Tuesday,Tue,2,0,1,0,0,0,0,0,0,FY2024,Jun-2024,2024-06
20240605,2024-06-05,2024,2,Q2,6,June,Jun,23,5,Wednesday,Wed,3,0,1,0,0,0,0,0,0,FY2024,Jun-2024,2024-06
20240606,2024-06-06,2024,2,Q2,6,June,Jun,23,6,Thursday,Thu,4,0,1,0,0,0,0,0,0,FY2024,Jun-2024,2024-06
20240607,2024-06-07,2024,2,Q2,6,June,Jun,23,7,Friday,Fri,5,0,1,0,0,0,0,0,0,FY2024,Jun-2024,2024-06
20240608,2024-06-08,2024,2,Q2,6,June,Jun,23,8,Saturday,Sat,6,1,0,0,0,0,0,0,0,FY2024,Jun-2024,2024-06
20240609,2024-06-09,2024,2,Q2,6,June,Jun,23,9,Sunday,Sun,7,1,0,0,0,0,0,0,0,FY2024,Jun-2024,2024-06
20240610,2024-06-10,2024,2,Q2,6,June,Jun,24,10,Monday,Mon,1,0,1,0,0,0,0,0,0,FY2024,Jun-2024,2024-06
20240611,2024-06-11,2024,2,Q2,6,June,Jun,24,11,Tuesday,Tue,2,0,1,0,0,0,0,0,0,FY2024,Jun-2024,2024-06
20240612,2024-06-12,2024,2,Q2,6,June,Jun,24,12,Wednesday,Wed,3,0,1,0,0,0,0,0,0,FY2024,Jun-2024,2024-06
20240613,2024-06-13,2024,2,Q2,6,June,Jun,24,13,Thursday,Thu,4,0,1,0,0,0,0,0,0,FY2024,Jun-2024,2024-06
20240614,2024-06-14,2024,2,Q2,6,June,Jun,24,14,Friday,Fri,5,0,1,0,0,0,0,0,0,FY2024,Jun-2024,2024-06
20240615,2024-06-15,2024,2,Q2,6,June,Jun,24,15,Saturday,Sat,6,1,0,0,0,0,0,0,0,FY2024,Jun-2024,2024-06
20240616,2024-06-16,2024,2,Q2,6,June,Jun,24,16,Sunday,Sun,7,1,0,0,0,0,0,0,0,FY2024,Jun-2024,2024-06
20240617,2024-06-17,2024,2,Q2,6,June,Jun,25,17,Monday,Mon,1,0,1,0,0,0,0,0,0,FY2024,Jun-2024,2024-06
20240618,2024-06-18,2024,2,Q2,6,June,Jun,25,18,Tuesday,Tue,2,0,1,0,0,0,0,0,0,FY2024,Jun-2024,2024-06
20240619,2024-06-19,2024,2,Q2,6,June,Jun,25,19,Wednesday,Wed,3,0,1,0,0,0,0,0,0,FY2024,Jun-2024,2024-06
20240620,2024-06-20,2024,2,Q2,6,June,Jun,25,20,Thursday,Thu,4,0,1,0,0,0,0,0,0,FY2024,Jun-2024,2024-06
20240621,2024-06-21,2024,2,Q2,6,June,Jun,25,21,Friday,Fri,5,0,1,0,0,0,0,0,0,FY2024,Jun-2024,2024-06
20240622,2024-06-22,2024,2,Q2,6,June,Jun,25,22,Saturday,Sat,6,1,0,0,0,0,0,0,0,FY2024,Jun-2024,2024-06
20240623,2024-06-23,2024,2,Q2,6,June,Jun,25,23,Sunday,Sun,7,1,0,0,0,0,0,0,0,FY2024,Jun-2024,2024-06
20240624,2024-06-24,2024,2,Q2,6,June,Jun,26,24,Monday,Mon,1,0,1,0,0,0,0,0,0,FY2024,Jun-2024,2024-06
20240625,2024-06-25,2024,2,Q2,6,June,Jun,26,25,Tuesday,Tue,2,0,1,0,0,0,0,0,0,FY2024,Jun-2024,2024-06
20240626,2024-06-26,2024,2,Q2,6,June,Jun,26,26,Wednesday,Wed,3,0,1,0,0,0,0,0,0,FY2024,Jun-2024,2024-06
20240627,2024-06-27,2024,2,Q2,6,June,Jun,26,27,Thursday,Thu,4,0,1,0,0,0,0,0,0,FY2024,Jun-2024,2024-06
20240628,2024-06-28,2024,2,Q2,6,June,Jun,26,28,Friday,Fri,5,0,1,0,0,0,0,0,0,FY2024,Jun-2024,2024-06
20240629,2024-06-29,2024,2,Q2,6,June,Jun,26,29,Saturday,Sat,6,1,0,0,0,0,0,0,0,FY2024,Jun-2024,2024-06
20240630,2024-06-30,2024,2,Q2,6,June,Jun,26,30,Sunday,Sun,7,1,0,0,1,0,1,0,0,FY2024,Jun-2024,2024-06
20240701,2024-07-01,2024,3,Q3,7,July,Jul,27,1,Monday,Mon,1,0,1,1,0,1,0,0,0,FY2024,Jul-2024,2024-07
20240702,2024-07-02,2024,3,Q3,7,July,Jul,27,2,Tuesday,Tue,2,0,1,0,0,0,0,0,0,FY2024,Jul-2024,2024-07
20240703,2024-07-03,2024,3,Q3,7,July,Jul,27,3,Wednesday,Wed,3,0,1,0,0,0,0,0,0,FY2024,Jul-2024,2024-07
20240704,2024-07-04,2024,3,Q3,7,July,Jul,27,4,Thursday,Thu,4,0,1,0,0,0,0,0,0,FY2024,Jul-2024,2024-07
20240705,2024-07-05,2024,3,Q3,7,July,Jul,27,5,Friday,Fri,5,0,1,0,0,0,0,0,0,FY2024,Jul-2024,2024-07
20240706,2024-07-06,2024,3,Q3,7,July,Jul,27,6,Saturday,Sat,6,1,0,0,0,0,0,0,0,FY2024,Jul-2024,2024-07
20240707,2024-07-07,2024,3,Q3,7,July,Jul,27,7,Sunday,Sun,7,1,0,0,0,0,0,0,0,FY2024,Jul-2024,2024-07
20240708,2024-07-08,2024,3,Q3,7,July,Jul,28,8,Monday,Mon,1,0,1,0,0,0,0,0,0,FY2024,Jul-2024,2024-07
20240709,2024-07-09,2024,3,Q3,7,July,Jul,28,9,Tuesday,Tue,2,0,1,0,0,0,0,0,0,FY2024,Jul-2024,2024-07
20240710,2024-07-10,2024,3,Q3,7,July,Jul,28,10,Wednesday,Wed,3,0,1,0,0,0,0,0,0,FY2024,Jul-2024,2024-07
20240711,2024-07-11,2024,3,Q3,7,July,Jul,28,11,Thursday,Thu,4,0,1,0,0,0,0,0,0,FY2024,Jul-2024,2024-07
20240712,2024-07-12,2024,3,Q3,7,July,Jul,28,12,Friday,Fri,5,0,1,0,0,0,0,0,0,FY2024,Jul-2024,2024-07
20240713,2024-07-13,2024,3,Q3,7,July,Jul,28,13,Saturday,Sat,6,1,0,0,0,0,0,0,0,FY2024,Jul-2024,2024-07
20240714,2024-07-14,2024,3,Q3,7,July,Jul,28,14,Sunday,Sun,7,1,0,0,0,0,0,0,0,FY2024,Jul-2024,2024-07
20240715,2024-07-15,2024,3,Q3,7,July,Jul,29,15,Monday,Mon,1,0,1,0,0,0,0,0,0,FY2024,Jul-2024,2024-07
20240716,2024-07-16,2024,3,Q3,7,July,Jul,29,16,Tuesday,Tue,2,0,1,0,0,0,0,0,0,FY2024,Jul-2024,2024-07
20240717,2024-07-17,2024,3,Q3,7,July,Jul,29,17,Wednesday,Wed,3,0,1,0,0,0,0,0,0,FY2024,Jul-2024,2024-07
20240718,2024-07-18,2024,3,Q3,7,July,Jul,29,18,Thursday,Thu,4,0,1,0,0,0,0,0,0,FY2024,Jul-2024,2024-07
20240719,2024-07-19,2024,3,Q3,7,July,Jul,29,19,Friday,Fri,5,0,1,0,0,0,0,0,0,FY2024,Jul-2024,2024-07
20240720,2024-07-20,2024,3,Q3,7,July,Jul,29,20,Saturday,Sat,6,1,0,0,0,0,0,0,0,FY2024,Jul-2024,2024-07
20240721,2024-07-21,2024,3,Q3,7,July,Jul,29,21,Sunday,Sun,7,1,0,0,0,0,0,0,0,FY2024,Jul-2024,2024-07
20240722,2024-07-22,2024,3,Q3,7,July,Jul,30,22,Monday,Mon,1,0,1,0,0,0,0,0,0,FY2024,Jul-2024,2024-07
20240723,2024-07-23,2024,3,Q3,7,July,Jul,30,23,Tuesday,Tue,2,0,1,0,0,0,0,0,0,FY2024,Jul-2024,2024-07
20240724,2024-07-24,2024,3,Q3,7,July,Jul,30,24,Wednesday,Wed,3,0,1,0,0,0,0,0,0,FY2024,Jul-2024,2024-07
20240725,2024-07-25,2024,3,Q3,7,July,Jul,30,25,Thursday,Thu,4,0,1,0,0,0,0,0,0,FY2024,Jul-2024,2024-07
20240726,2024-07-26,2024,3,Q3,7,July,Jul,30,26,Friday,Fri,5,0,1,0,0,0,0,0,0,FY2024,Jul-2024,2024-07
20240727,2024-07-27,2024,3,Q3,7,July,Jul,30,27,Saturday,Sat,6,1,0,0,0,0,0,0,0,FY2024,Jul-2024,2024-07
20240728,2024-07-28,2024,3,Q3,7,July,Jul,30,28,Sunday,Sun,7,1,0,0,0,0,0,0,0,FY2024,Jul-2024,2024-07
20240729,2024-07-29,2024,3,Q3,7,July,Jul,31,29,Monday,Mon,1,0,1,0,0,0,0,0,0,FY2024,Jul-2024,2024-07
20240730,2024-07-30,2024,3,Q3,7,July,Jul,31,30,Tuesday,Tue,2,0,1,0,0,0,0,0,0,FY2024,Jul-2024,2024-07
20240731,2024-07-31,2024,3,Q3,7,July,Jul,31,31,Wednesday,Wed,3,0,1,0,1,0,0,0,0,FY2024,Jul-2024,2024-07
20240801,2024-08-01,2024,3,Q3,8,August,Aug,31,1,Thursday,Thu,4,0,1,1,0,0,0,0,0,FY2024,Aug-2024,2024-08
20240802,2024-08-02,2024,3,Q3,8,August,Aug,31,2,Friday,Fri,5,0,1,0,0,0,0,0,0,FY2024,Aug-2024,2024-08
20240803,2024-08-03,2024,3,Q3,8,August,Aug,31,3,Saturday,Sat,6,1,0,0,0,0,0,0,0,FY2024,Aug-2024,2024-08
20240804,2024-08-04,2024,3,Q3,8,August,Aug,31,4,Sunday,Sun,7,1,0,0,0,0,0,0,0,FY2024,Aug-2024,2024-08
20240805,2024-08-05,2024,3,Q3,8,August,Aug,32,5,Monday,Mon,1,0,1,0,0,0,0,0,0,FY2024,Aug-2024,2024-08
20240806,2024-08-06,2024,3,Q3,8,August,Aug,32,6,Tuesday,Tue,2,0,1,0,0,0,0,0,0,FY2024,Aug-2024,2024-08
20240807,2024-08-07,2024,3,Q3,8,August,Aug,32,7,Wednesday,Wed,3,0,1,0,0,0,0,0,0,FY2024,Aug-2024,2024-08
20240808,2024-08-08,2024,3,Q3,8,August,Aug,32,8,Thursday,Thu,4,0,1,0,0,0,0,0,0,FY2024,Aug-2024,2024-08
20240809,2024-08-09,2024,3,Q3,8,August,Aug,32,9,Friday,Fri,5,0,1,0,0,0,0,0,0,FY2024,Aug-2024,2024-08
20240810,2024-08-10,2024,3,Q3,8,August,Aug,32,10,Saturday,Sat,6,1,0,0,0,0,0,0,0,FY2024,Aug-2024,2024-08
20240811,2024-08-11,2024,3,Q3,8,August,Aug,32,11,Sunday,Sun,7,1,0,0,0,0,0,0,0,FY2024,Aug-2024,2024-08
20240812,2024-08-12,2024,3,Q3,8,August,Aug,33,12,Monday,Mon,1,0,1,0,0,0,0,0,0,FY2024,Aug-2024,2024-08
20240813,2024-08-13,2024,3,Q3,8,August,Aug,33,13,Tuesday,Tue,2,0,1,0,0,0,0,0,0,FY2024,Aug-2024,2024-08
20240814,2024-08-14,2024,3,Q3,8,August,Aug,33,14,Wednesday,Wed,3,0,1,0,0,0,0,0,0,FY2024,Aug-2024,2024-08
20240815,2024-08-15,2024,3,Q3,8,August,Aug,33,15,Thursday,Thu,4,0,1,0,0,0,0,0,0,FY2024,Aug-2024,2024-08
20240816,2024-08-16,2024,3,Q3,8,August,Aug,33,16,Friday,Fri,5,0,1,0,0,0,0,0,0,FY2024,Aug-2024,2024-08
20240817,2024-08-17,2024,3,Q3,8,August,Aug,33,17,Saturday,Sat,6,1,0,0,0,0,0,0,0,FY2024,Aug-2024,2024-08
20240818,2024-08-18,2024,3,Q3,8,August,Aug,33,18,Sunday,Sun,7,1,0,0,0,0,0,0,0,FY2024,Aug-2024,2024-08
20240819,2024-08-19,2024,3,Q3,8,August,Aug,34,19,Monday,Mon,1,0,1,0,0,0,0,0,0,FY2024,Aug-2024,2024-08
20240820,2024-08-20,2024,3,Q3,8,August,Aug,34,20,Tuesday,Tue,2,0,1,0,0,0,0,0,0,FY2024,Aug-2024,2024-08
20240821,2024-08-21,2024,3,Q3,8,August,Aug,34,21,Wednesday,Wed,3,0,1,0,0,0,0,0,0,FY2024,Aug-2024,2024-08
20240822,2024-08-22,2024,3,Q3,8,August,Aug,34,22,Thursday,Thu,4,0,1,0,0,0,0,0,0,FY2024,Aug-2024,2024-08
20240823,2024-08-23,2024,3,Q3,8,August,Aug,34,23,Friday,Fri,5,0,1,0,0,0,0,0,0,FY2024,Aug-2024,2024-08
20240824,2024-08-24,2024,3,Q3,8,August,Aug,34,24,Saturday,Sat,6,1,0,0,0,0,0,0,0,FY2024,Aug-2024,2024-08
20240825,2024-08-25,2024,3,Q3,8,August,Aug,34,25,Sunday,Sun,7,1,0,0,0,0,0,0,0,FY2024,Aug-2024,2024-08
20240826,2024-08-26,2024,3,Q3,8,August,Aug,35,26,Monday,Mon,1,0,1,0,0,0,0,0,0,FY2024,Aug-2024,2024-08
20240827,2024-08-27,2024,3,Q3,8,August,Aug,35,27,Tuesday,Tue,2,0,1,0,0,0,0,0,0,FY2024,Aug-2024,2024-08
20240828,2024-08-28,2024,3,Q3,8,August,Aug,35,28,Wednesday,Wed,3,0,1,0,0,0,0,0,0,FY2024,Aug-2024,2024-08
20240829,2024-08-29,2024,3,Q3,8,August,Aug,35,29,Thursday,Thu,4,0,1,0,0,0,0,0,0,FY2024,Aug-2024,2024-08
20240830,2024-08-30,2024,3,Q3,8,August,Aug,35,30,Friday,Fri,5,0,1,0,0,0,0,0,0,FY2024,Aug-2024,2024-08
20240831,2024-08-31,2024,3,Q3,8,August,Aug,35,31,Saturday,Sat,6,1,0,0,1,0,0,0,0,FY2024,Aug-2024,2024-08
20240901,2024-09-01,2024,3,Q3,9,September,Sep,35,1,Sunday,Sun,7,1,0,1,0,0,0,0,0,FY2024,Sep-2024,2024-09
20240902,2024-09-02,2024,3,Q3,9,September,Sep,36,2,Monday,Mon,1,0,1,0,0,0,0,0,0,FY2024,Sep-2024,2024-09
20240903,2024-09-03,2024,3,Q3,9,September,Sep,36,3,Tuesday,Tue,2,0,1,0,0,0,0,0,0,FY2024,Sep-2024,2024-09
20240904,2024-09-04,2024,3,Q3,9,September,Sep,36,4,Wednesday,Wed,3,0,1,0,0,0,0,0,0,FY2024,Sep-2024,2024-09
20240905,2024-09-05,2024,3,Q3,9,September,Sep,36,5,Thursday,Thu,4,0,1,0,0,0,0,0,0,FY2024,Sep-2024,2024-09
20240906,2024-09-06,2024,3,Q3,9,September,Sep,36,6,Friday,Fri,5,0,1,0,0,0,0,0,0,FY2024,Sep-2024,2024-09
20240907,2024-09-07,2024,3,Q3,9,September,Sep,36,7,Saturday,Sat,6,1,0,0,0,0,0,0,0,FY2024,Sep-2024,2024-09
20240908,2024-09-08,2024,3,Q3,9,September,Sep,36,8,Sunday,Sun,7,1,0,0,0,0,0,0,0,FY2024,Sep-2024,2024-09
20240909,2024-09-09,2024,3,Q3,9,September,Sep,37,9,Monday,Mon,1,0,1,0,0,0,0,0,0,FY2024,Sep-2024,2024-09
20240910,2024-09-10,2024,3,Q3,9,September,Sep,37,10,Tuesday,Tue,2,0,1,0,0,0,0,0,0,FY2024,Sep-2024,2024-09
20240911,2024-09-11,2024,3,Q3,9,September,Sep,37,11,Wednesday,Wed,3,0,1,0,0,0,0,0,0,FY2024,Sep-2024,2024-09
20240912,2024-09-12,2024,3,Q3,9,September,Sep,37,12,Thursday,Thu,4,0,1,0,0,0,0,0,0,FY2024,Sep-2024,2024-09
20240913,2024-09-13,2024,3,Q3,9,September,Sep,37,13,Friday,Fri,5,0,1,0,0,0,0,0,0,FY2024,Sep-2024,2024-09
20240914,2024-09-14,2024,3,Q3,9,September,Sep,37,14,Saturday,Sat,6,1,0,0,0,0,0,0,0,FY2024,Sep-2024,2024-09
20240915,2024-09-15,2024,3,Q3,9,September,Sep,37,15,Sunday,Sun,7,1,0,0,0,0,0,0,0,FY2024,Sep-2024,2024-09
20240916,2024-09-16,2024,3,Q3,9,September,Sep,38,16,Monday,Mon,1,0,1,0,0,0,0,0,0,FY2024,Sep-2024,2024-09
20240917,2024-09-17,2024,3,Q3,9,September,Sep,38,17,Tuesday,Tue,2,0,1,0,0,0,0,0,0,FY2024,Sep-2024,2024-09
20240918,2024-09-18,2024,3,Q3,9,September,Sep,38,18,Wednesday,Wed,3,0,1,0,0,0,0,0,0,FY2024,Sep-2024,2024-09
20240919,2024-09-19,2024,3,Q3,9,September,Sep,38,19,Thursday,Thu,4,0,1,0,0,0,0,0,0,FY2024,Sep-2024,2024-09
20240920,2024-09-20,2024,3,Q3,9,September,Sep,38,20,Friday,Fri,5,0,1,0,0,0,0,0,0,FY2024,Sep-2024,2024-09
20240921,2024-09-21,2024,3,Q3,9,September,Sep,38,21,Saturday,Sat,6,1,0,0,0,0,0,0,0,FY2024,Sep-2024,2024-09
20240922,2024-09-22,2024,3,Q3,9,September,Sep,38,22,Sunday,Sun,7,1,0,0,0,0,0,0,0,FY2024,Sep-2024,2024-09
20240923,2024-09-23,2024,3,Q3,9,September,Sep,39,23,Monday,Mon,1,0,1,0,0,0,0,0,0,FY2024,Sep-2024,2024-09
20240924,2024-09-24,2024,3,Q3,9,September,Sep,39,24,Tuesday,Tue,2,0,1,0,0,0,0,0,0,FY2024,Sep-2024,2024-09
20240925,2024-09-25,2024,3,Q3,9,September,Sep,39,25,Wednesday,Wed,3,0,1,0,0,0,0,0,0,FY2024,Sep-2024,2024-09
20240926,2024-09-26,2024,3,Q3,9,September,Sep,39,26,Thursday,Thu,4,0,1,0,0,0,0,0,0,FY2024,Sep-2024,2024-09
20240927,2024-09-27,2024,3,Q3,9,September,Sep,39,27,Friday,Fri,5,0,1,0,0,0,0,0,0,FY2024,Sep-2024,2024-09
20240928,2024-09-28,2024,3,Q3,9,September,Sep,39,28,Saturday,Sat,6,1,0,0,0,0,0,0,0,FY2024,Sep-2024,2024-09
20240929,2024-09-29,2024,3,Q3,9,September,Sep,39,29,Sunday,Sun,7,1,0,0,0,0,0,0,0,FY2024,Sep-2024,2024-09
20240930,2024-09-30,2024,3,Q3,9,September,Sep,40,30,Monday,Mon,1,0,1,0,1,0,1,0,0,FY2024,Sep-2024,2024-09
20241001,2024-10-01,2024,4,Q4,10,October,Oct,40,1,Tuesday,Tue,2,0,1,1,0,1,0,0,0,FY2024,Oct-2024,2024-10
20241002,2024-10-02,2024,4,Q4,10,October,Oct,40,2,Wednesday,Wed,3,0,1,0,0,0,0,0,0,FY2024,Oct-2024,2024-10
20241003,2024-10-03,2024,4,Q4,10,October,Oct,40,3,Thursday,Thu,4,0,1,0,0,0,0,0,0,FY2024,Oct-2024,2024-10
20241004,2024-10-04,2024,4,Q4,10,October,Oct,40,4,Friday,Fri,5,0,1,0,0,0,0,0,0,FY2024,Oct-2024,2024-10
20241005,2024-10-05,2024,4,Q4,10,October,Oct,40,5,Saturday,Sat,6,1,0,0,0,0,0,0,0,FY2024,Oct-2024,2024-10
20241006,2024-10-06,2024,4,Q4,10,October,Oct,40,6,Sunday,Sun,7,1,0,0,0,0,0,0,0,FY2024,Oct-2024,2024-10
20241007,2024-10-07,2024,4,Q4,10,October,Oct,41,7,Monday,Mon,1,0,1,0,0,0,0,0,0,FY2024,Oct-2024,2024-10
20241008,2024-10-08,2024,4,Q4,10,October,Oct,41,8,Tuesday,Tue,2,0,1,0,0,0,0,0,0,FY2024,Oct-2024,2024-10
20241009,2024-10-09,2024,4,Q4,10,October,Oct,41,9,Wednesday,Wed,3,0,1,0,0,0,0,0,0,FY2024,Oct-2024,2024-10
20241010,2024-10-10,2024,4,Q4,10,October,Oct,41,10,Thursday,Thu,4,0,1,0,0,0,0,0,0,FY2024,Oct-2024,2024-10
20241011,2024-10-11,2024,4,Q4,10,October,Oct,41,11,Friday,Fri,5,0,1,0,0,0,0,0,0,FY2024,Oct-2024,2024-10
20241012,2024-10-12,2024,4,Q4,10,October,Oct,41,12,Saturday,Sat,6,1,0,0,0,0,0,0,0,FY2024,Oct-2024,2024-10
20241013,2024-10-13,2024,4,Q4,10,October,Oct,41,13,Sunday,Sun,7,1,0,0,0,0,0,0,0,FY2024,Oct-2024,2024-10
20241014,2024-10-14,2024,4,Q4,10,October,Oct,42,14,Monday,Mon,1,0,1,0,0,0,0,0,0,FY2024,Oct-2024,2024-10
20241015,2024-10-15,2024,4,Q4,10,October,Oct,42,15,Tuesday,Tue,2,0,1,0,0,0,0,0,0,FY2024,Oct-2024,2024-10
20241016,2024-10-16,2024,4,Q4,10,October,Oct,42,16,Wednesday,Wed,3,0,1,0,0,0,0,0,0,FY2024,Oct-2024,2024-10
20241017,2024-10-17,2024,4,Q4,10,October,Oct,42,17,Thursday,Thu,4,0,1,0,0,0,0,0,0,FY2024,Oct-2024,2024-10
20241018,2024-10-18,2024,4,Q4,10,October,Oct,42,18,Friday,Fri,5,0,1,0,0,0,0,0,0,FY2024,Oct-2024,2024-10
20241019,2024-10-19,2024,4,Q4,10,October,Oct,42,19,Saturday,Sat,6,1,0,0,0,0,0,0,0,FY2024,Oct-2024,2024-10
20241020,2024-10-20,2024,4,Q4,10,October,Oct,42,20,Sunday,Sun,7,1,0,0,0,0,0,0,0,FY2024,Oct-2024,2024-10
20241021,2024-10-21,2024,4,Q4,10,October,Oct,43,21,Monday,Mon,1,0,1,0,0,0,0,0,0,FY2024,Oct-2024,2024-10
20241022,2024-10-22,2024,4,Q4,10,October,Oct,43,22,Tuesday,Tue,2,0,1,0,0,0,0,0,0,FY2024,Oct-2024,2024-10
20241023,2024-10-23,2024,4,Q4,10,October,Oct,43,23,Wednesday,Wed,3,0,1,0,0,0,0,0,0,FY2024,Oct-2024,2024-10
20241024,2024-10-24,2024,4,Q4,10,October,Oct,43,24,Thursday,Thu,4,0,1,0,0,0,0,0,0,FY2024,Oct-2024,2024-10
20241025,2024-10-25,2024,4,Q4,10,October,Oct,43,25,Friday,Fri,5,0,1,0,0,0,0,0,0,FY2024,Oct-2024,2024-10
20241026,2024-10-26,2024,4,Q4,10,October,Oct,43,26,Saturday,Sat,6,1,0,0,0,0,0,0,0,FY2024,Oct-2024,2024-10
20241027,2024-10-27,2024,4,Q4,10,October,Oct,43,27,Sunday,Sun,7,1,0,0,0,0,0,0,0,FY2024,Oct-2024,2024-10
20241028,2024-10-28,2024,4,Q4,10,October,Oct,44,28,Monday,Mon,1,0,1,0,0,0,0,0,0,FY2024,Oct-2024,2024-10
20241029,2024-10-29,2024,4,Q4,10,October,Oct,44,29,Tuesday,Tue,2,0,1,0,0,0,0,0,0,FY2024,Oct-2024,2024-10
20241030,2024-10-30,2024,4,Q4,10,October,Oct,44,30,Wednesday,Wed,3,0,1,0,0,0,0,0,0,FY2024,Oct-2024,2024-10
20241031,2024-10-31,2024,4,Q4,10,October,Oct,44,31,Thursday,Thu,4,0,1,0,1,0,0,0,0,FY2024,Oct-2024,2024-10
20241101,2024-11-01,2024,4,Q4,11,November,Nov,44,1,Friday,Fri,5,0,1,1,0,0,0,0,0,FY2024,Nov-2024,2024-11
20241102,2024-11-02,2024,4,Q4,11,November,Nov,44,2,Saturday,Sat,6,1,0,0,0,0,0,0,0,FY2024,Nov-2024,2024-11
20241103,2024-11-03,2024,4,Q4,11,November,Nov,44,3,Sunday,Sun,7,1,0,0,0,0,0,0,0,FY2024,Nov-2024,2024-11
20241104,2024-11-04,2024,4,Q4,11,November,Nov,45,4,Monday,Mon,1,0,1,0,0,0,0,0,0,FY2024,Nov-2024,2024-11
20241105,2024-11-05,2024,4,Q4,11,November,Nov,45,5,Tuesday,Tue,2,0,1,0,0,0,0,0,0,FY2024,Nov-2024,2024-11
20241106,2024-11-06,2024,4,Q4,11,November,Nov,45,6,Wednesday,Wed,3,0,1,0,0,0,0,0,0,FY2024,Nov-2024,2024-11
20241107,2024-11-07,2024,4,Q4,11,November,Nov,45,7,Thursday,Thu,4,0,1,0,0,0,0,0,0,FY2024,Nov-2024,2024-11
20241108,2024-11-08,2024,4,Q4,11,November,Nov,45,8,Friday,Fri,5,0,1,0,0,0,0,0,0,FY2024,Nov-2024,2024-11
20241109,2024-11-09,2024,4,Q4,11,November,Nov,45,9,Saturday,Sat,6,1,0,0,0,0,0,0,0,FY2024,Nov-2024,2024-11
20241110,2024-11-10,2024,4,Q4,11,November,Nov,45,10,Sunday,Sun,7,1,0,0,0,0,0,0,0,FY2024,Nov-2024,2024-11
20241111,2024-11-11,2024,4,Q4,11,November,Nov,46,11,Monday,Mon,1,0,1,0,0,0,0,0,0,FY2024,Nov-2024,2024-11
20241112,2024-11-12,2024,4,Q4,11,November,Nov,46,12,Tuesday,Tue,2,0,1,0,0,0,0,0,0,FY2024,Nov-2024,2024-11
20241113,2024-11-13,2024,4,Q4,11,November,Nov,46,13,Wednesday,Wed,3,0,1,0,0,0,0,0,0,FY2024,Nov-2024,2024-11
20241114,2024-11-14,2024,4,Q4,11,November,Nov,46,14,Thursday,Thu,4,0,1,0,0,0,0,0,0,FY2024,Nov-2024,2024-11
20241115,2024-11-15,2024,4,Q4,11,November,Nov,46,15,Friday,Fri,5,0,1,0,0,0,0,0,0,FY2024,Nov-2024,2024-11
20241116,2024-11-16,2024,4,Q4,11,November,Nov,46,16,Saturday,Sat,6,1,0,0,0,0,0,0,0,FY2024,Nov-2024,2024-11
20241117,2024-11-17,2024,4,Q4,11,November,Nov,46,17,Sunday,Sun,7,1,0,0,0,0,0,0,0,FY2024,Nov-2024,2024-11
20241118,2024-11-18,2024,4,Q4,11,November,Nov,47,18,Monday,Mon,1,0,1,0,0,0,0,0,0,FY2024,Nov-2024,2024-11
20241119,2024-11-19,2024,4,Q4,11,November,Nov,47,19,Tuesday,Tue,2,0,1,0,0,0,0,0,0,FY2024,Nov-2024,2024-11
20241120,2024-11-20,2024,4,Q4,11,November,Nov,47,20,Wednesday,Wed,3,0,1,0,0,0,0,0,0,FY2024,Nov-2024,2024-11
20241121,2024-11-21,2024,4,Q4,11,November,Nov,47,21,Thursday,Thu,4,0,1,0,0,0,0,0,0,FY2024,Nov-2024,2024-11
20241122,2024-11-22,2024,4,Q4,11,November,Nov,47,22,Friday,Fri,5,0,1,0,0,0,0,0,0,FY2024,Nov-2024,2024-11
20241123,2024-11-23,2024,4,Q4,11,November,Nov,47,23,Saturday,Sat,6,1,0,0,0,0,0,0,0,FY2024,Nov-2024,2024-11
20241124,2024-11-24,2024,4,Q4,11,November,Nov,47,24,Sunday,Sun,7,1,0,0,0,0,0,0,0,FY2024,Nov-2024,2024-11
20241125,2024-11-25,2024,4,Q4,11,November,Nov,48,25,Monday,Mon,1,0,1,0,0,0,0,0,0,FY2024,Nov-2024,2024-11
20241126,2024-11-26,2024,4,Q4,11,November,Nov,48,26,Tuesday,Tue,2,0,1,0,0,0,0,0,0,FY2024,Nov-2024,2024-11
20241127,2024-11-27,2024,4,Q4,11,November,Nov,48,27,Wednesday,Wed,3,0,1,0,0,0,0,0,0,FY2024,Nov-2024,2024-11
20241128,2024-11-28,2024,4,Q4,11,November,Nov,48,28,Thursday,Thu,4,0,1,0,0,0,0,0,0,FY2024,Nov-2024,2024-11
20241129,2024-11-29,2024,4,Q4,11,November,Nov,48,29,Friday,Fri,5,0,1,0,0,0,0,0,0,FY2024,Nov-2024,2024-11
20241130,2024-11-30,2024,4,Q4,11,November,Nov,48,30,Saturday,Sat,6,1,0,0,1,0,0,0,0,FY2024,Nov-2024,2024-11
20241201,2024-12-01,2024,4,Q4,12,December,Dec,48,1,Sunday,Sun,7,1,0,1,0,0,0,0,0,FY2024,Dec-2024,2024-12
20241202,2024-12-02,2024,4,Q4,12,December,Dec,49,2,Monday,Mon,1,0,1,0,0,0,0,0,0,FY2024,Dec-2024,2024-12
20241203,2024-12-03,2024,4,Q4,12,December,Dec,49,3,Tuesday,Tue,2,0,1,0,0,0,0,0,0,FY2024,Dec-2024,2024-12
20241204,2024-12-04,2024,4,Q4,12,December,Dec,49,4,Wednesday,Wed,3,0,1,0,0,0,0,0,0,FY2024,Dec-2024,2024-12
20241205,2024-12-05,2024,4,Q4,12,December,Dec,49,5,Thursday,Thu,4,0,1,0,0,0,0,0,0,FY2024,Dec-2024,2024-12
20241206,2024-12-06,2024,4,Q4,12,December,Dec,49,6,Friday,Fri,5,0,1,0,0,0,0,0,0,FY2024,Dec-2024,2024-12
20241207,2024-12-07,2024,4,Q4,12,December,Dec,49,7,Saturday,Sat,6,1,0,0,0,0,0,0,0,FY2024,Dec-2024,2024-12
20241208,2024-12-08,2024,4,Q4,12,December,Dec,49,8,Sunday,Sun,7,1,0,0,0,0,0,0,0,FY2024,Dec-2024,2024-12
20241209,2024-12-09,2024,4,Q4,12,December,Dec,50,9,Monday,Mon,1,0,1,0,0,0,0,0,0,FY2024,Dec-2024,2024-12
20241210,2024-12-10,2024,4,Q4,12,December,Dec,50,10,Tuesday,Tue,2,0,1,0,0,0,0,0,0,FY2024,Dec-2024,2024-12
20241211,2024-12-11,2024,4,Q4,12,December,Dec,50,11,Wednesday,Wed,3,0,1,0,0,0,0,0,0,FY2024,Dec-2024,2024-12
20241212,2024-12-12,2024,4,Q4,12,December,Dec,50,12,Thursday,Thu,4,0,1,0,0,0,0,0,0,FY2024,Dec-2024,2024-12
20241213,2024-12-13,2024,4,Q4,12,December,Dec,50,13,Friday,Fri,5,0,1,0,0,0,0,0,0,FY2024,Dec-2024,2024-12
20241214,2024-12-14,2024,4,Q4,12,December,Dec,50,14,Saturday,Sat,6,1,0,0,0,0,0,0,0,FY2024,Dec-2024,2024-12
20241215,2024-12-15,2024,4,Q4,12,December,Dec,50,15,Sunday,Sun,7,1,0,0,0,0,0,0,0,FY2024,Dec-2024,2024-12
20241216,2024-12-16,2024,4,Q4,12,December,Dec,51,16,Monday,Mon,1,0,1,0,0,0,0,0,0,FY2024,Dec-2024,2024-12
20241217,2024-12-17,2024,4,Q4,12,December,Dec,51,17,Tuesday,Tue,2,0,1,0,0,0,0,0,0,FY2024,Dec-2024,2024-12
20241218,2024-12-18,2024,4,Q4,12,December,Dec,51,18,Wednesday,Wed,3,0,1,0,0,0,0,0,0,FY2024,Dec-2024,2024-12
20241219,2024-12-19,2024,4,Q4,12,December,Dec,51,19,Thursday,Thu,4,0,1,0,0,0,0,0,0,FY2024,Dec-2024,2024-12
20241220,2024-12-20,2024,4,Q4,12,December,Dec,51,20,Friday,Fri,5,0,1,0,0,0,0,0,0,FY2024,Dec-2024,2024-12
20241221,2024-12-21,2024,4,Q4,12,December,Dec,51,21,Saturday,Sat,6,1,0,0,0,0,0,0,0,FY2024,Dec-2024,2024-12
20241222,2024-12-22,2024,4,Q4,12,December,Dec,51,22,Sunday,Sun,7,1,0,0,0,0,0,0,0,FY2024,Dec-2024,2024-12
20241223,2024-12-23,2024,4,Q4,12,December,Dec,52,23,Monday,Mon,1,0,1,0,0,0,0,0,0,FY2024,Dec-2024,2024-12
20241224,2024-12-24,2024,4,Q4,12,December,Dec,52,24,Tuesday,Tue,2,0,1,0,0,0,0,0,0,FY2024,Dec-2024,2024-12
20241225,2024-12-25,2024,4,Q4,12,December,Dec,52,25,Wednesday,Wed,3,0,1,0,0,0,0,0,0,FY2024,Dec-2024,2024-12
20241226,2024-12-26,2024,4,Q4,12,December,Dec,52,26,Thursday,Thu,4,0,1,0,0,0,0,0,0,FY2024,Dec-2024,2024-12
20241227,2024-12-27,2024,4,Q4,12,December,Dec,52,27,Friday,Fri,5,0,1,0,0,0,0,0,0,FY2024,Dec-2024,2024-12
20241228,2024-12-28,2024,4,Q4,12,December,Dec,52,28,Saturday,Sat,6,1,0,0,0,0,0,0,0,FY2024,Dec-2024,2024-12
20241229,2024-12-29,2024,4,Q4,12,December,Dec,52,29,Sunday,Sun,7,1,0,0,0,0,0,0,0,FY2024,Dec-2024,2024-12
20241230,2024-12-30,2024,4,Q4,12,December,Dec,1,30,Monday,Mon,1,0,1,0,0,0,0,0,0,FY2024,Dec-2024,2024-12
20241231,2024-12-31,2024,4,Q4,12,December,Dec,1,31,Tuesday,Tue,2,0,1,0,1,0,1,0,1,FY2024,Dec-2024,2024-12
20250101,2025-01-01,2025,1,Q1,1,January,Jan,1,1,Wednesday,Wed,3,0,1,1,0,1,0,1,0,FY2025,Jan-2025,2025-01
20250102,2025-01-02,2025,1,Q1,1,January,Jan,1,2,Thursday,Thu,4,0,1,0,0,0,0,0,0,FY2025,Jan-2025,2025-01
20250103,2025-01-03,2025,1,Q1,1,January,Jan,1,3,Friday,Fri,5,0,1,0,0,0,0,0,0,FY2025,Jan-2025,2025-01
20250104,2025-01-04,2025,1,Q1,1,January,Jan,1,4,Saturday,Sat,6,1,0,0,0,0,0,0,0,FY2025,Jan-2025,2025-01
20250105,2025-01-05,2025,1,Q1,1,January,Jan,1,5,Sunday,Sun,7,1,0,0,0,0,0,0,0,FY2025,Jan-2025,2025-01
20250106,2025-01-06,2025,1,Q1,1,January,Jan,2,6,Monday,Mon,1,0,1,0,0,0,0,0,0,FY2025,Jan-2025,2025-01
20250107,2025-01-07,2025,1,Q1,1,January,Jan,2,7,Tuesday,Tue,2,0,1,0,0,0,0,0,0,FY2025,Jan-2025,2025-01
20250108,2025-01-08,2025,1,Q1,1,January,Jan,2,8,Wednesday,Wed,3,0,1,0,0,0,0,0,0,FY2025,Jan-2025,2025-01
20250109,2025-01-09,2025,1,Q1,1,January,Jan,2,9,Thursday,Thu,4,0,1,0,0,0,0,0,0,FY2025,Jan-2025,2025-01
20250110,2025-01-10,2025,1,Q1,1,January,Jan,2,10,Friday,Fri,5,0,1,0,0,0,0,0,0,FY2025,Jan-2025,2025-01
20250111,2025-01-11,2025,1,Q1,1,January,Jan,2,11,Saturday,Sat,6,1,0,0,0,0,0,0,0,FY2025,Jan-2025,2025-01
20250112,2025-01-12,2025,1,Q1,1,January,Jan,2,12,Sunday,Sun,7,1,0,0,0,0,0,0,0,FY2025,Jan-2025,2025-01
20250113,2025-01-13,2025,1,Q1,1,January,Jan,3,13,Monday,Mon,1,0,1,0,0,0,0,0,0,FY2025,Jan-2025,2025-01
20250114,2025-01-14,2025,1,Q1,1,January,Jan,3,14,Tuesday,Tue,2,0,1,0,0,0,0,0,0,FY2025,Jan-2025,2025-01
20250115,2025-01-15,2025,1,Q1,1,January,Jan,3,15,Wednesday,Wed,3,0,1,0,0,0,0,0,0,FY2025,Jan-2025,2025-01
20250116,2025-01-16,2025,1,Q1,1,January,Jan,3,16,Thursday,Thu,4,0,1,0,0,0,0,0,0,FY2025,Jan-2025,2025-01
20250117,2025-01-17,2025,1,Q1,1,January,Jan,3,17,Friday,Fri,5,0,1,0,0,0,0,0,0,FY2025,Jan-2025,2025-01
20250118,2025-01-18,2025,1,Q1,1,January,Jan,3,18,Saturday,Sat,6,1,0,0,0,0,0,0,0,FY2025,Jan-2025,2025-01
20250119,2025-01-19,2025,1,Q1,1,January,Jan,3,19,Sunday,Sun,7,1,0,0,0,0,0,0,0,FY2025,Jan-2025,2025-01
20250120,2025-01-20,2025,1,Q1,1,January,Jan,4,20,Monday,Mon,1,0,1,0,0,0,0,0,0,FY2025,Jan-2025,2025-01
20250121,2025-01-21,2025,1,Q1,1,January,Jan,4,21,Tuesday,Tue,2,0,1,0,0,0,0,0,0,FY2025,Jan-2025,2025-01
20250122,2025-01-22,2025,1,Q1,1,January,Jan,4,22,Wednesday,Wed,3,0,1,0,0,0,0,0,0,FY2025,Jan-2025,2025-01
20250123,2025-01-23,2025,1,Q1,1,January,Jan,4,23,Thursday,Thu,4,0,1,0,0,0,0,0,0,FY2025,Jan-2025,2025-01
20250124,2025-01-24,2025,1,Q1,1,January,Jan,4,24,Friday,Fri,5,0,1,0,0,0,0,0,0,FY2025,Jan-2025,2025-01
20250125,2025-01-25,2025,1,Q1,1,January,Jan,4,25,Saturday,Sat,6,1,0,0,0,0,0,0,0,FY2025,Jan-2025,2025-01
20250126,2025-01-26,2025,1,Q1,1,January,Jan,4,26,Sunday,Sun,7,1,0,0,0,0,0,0,0,FY2025,Jan-2025,2025-01
20250127,2025-01-27,2025,1,Q1,1,January,Jan,5,27,Monday,Mon,1,0,1,0,0,0,0,0,0,FY2025,Jan-2025,2025-01
20250128,2025-01-28,2025,1,Q1,1,January,Jan,5,28,Tuesday,Tue,2,0,1,0,0,0,0,0,0,FY2025,Jan-2025,2025-01
20250129,2025-01-29,2025,1,Q1,1,January,Jan,5,29,Wednesday,Wed,3,0,1,0,0,0,0,0,0,FY2025,Jan-2025,2025-01
20250130,2025-01-30,2025,1,Q1,1,January,Jan,5,30,Thursday,Thu,4,0,1,0,0,0,0,0,0,FY2025,Jan-2025,2025-01
20250131,2025-01-31,2025,1,Q1,1,January,Jan,5,31,Friday,Fri,5,0,1,0,1,0,0,0,0,FY2025,Jan-2025,2025-01
20250201,2025-02-01,2025,1,Q1,2,February,Feb,5,1,Saturday,Sat,6,1,0,1,0,0,0,0,0,FY2025,Feb-2025,2025-02
20250202,2025-02-02,2025,1,Q1,2,February,Feb,5,2,Sunday,Sun,7,1,0,0,0,0,0,0,0,FY2025,Feb-2025,2025-02
20250203,2025-02-03,2025,1,Q1,2,February,Feb,6,3,Monday,Mon,1,0,1,0,0,0,0,0,0,FY2025,Feb-2025,2025-02
20250204,2025-02-04,2025,1,Q1,2,February,Feb,6,4,Tuesday,Tue,2,0,1,0,0,0,0,0,0,FY2025,Feb-2025,2025-02
20250205,2025-02-05,2025,1,Q1,2,February,Feb,6,5,Wednesday,Wed,3,0,1,0,0,0,0,0,0,FY2025,Feb-2025,2025-02
20250206,2025-02-06,2025,1,Q1,2,February,Feb,6,6,Thursday,Thu,4,0,1,0,0,0,0,0,0,FY2025,Feb-2025,2025-02
20250207,2025-02-07,2025,1,Q1,2,February,Feb,6,7,Friday,Fri,5,0,1,0,0,0,0,0,0,FY2025,Feb-2025,2025-02
20250208,2025-02-08,2025,1,Q1,2,February,Feb,6,8,Saturday,Sat,6,1,0,0,0,0,0,0,0,FY2025,Feb-2025,2025-02
20250209,2025-02-09,2025,1,Q1,2,February,Feb,6,9,Sunday,Sun,7,1,0,0,0,0,0,0,0,FY2025,Feb-2025,2025-02
20250210,2025-02-10,2025,1,Q1,2,February,Feb,7,10,Monday,Mon,1,0,1,0,0,0,0,0,0,FY2025,Feb-2025,2025-02
20250211,2025-02-11,2025,1,Q1,2,February,Feb,7,11,Tuesday,Tue,2,0,1,0,0,0,0,0,0,FY2025,Feb-2025,2025-02
20250212,2025-02-12,2025,1,Q1,2,February,Feb,7,12,Wednesday,Wed,3,0,1,0,0,0,0,0,0,FY2025,Feb-2025,2025-02
20250213,2025-02-13,2025,1,Q1,2,February,Feb,7,13,Thursday,Thu,4,0,1,0,0,0,0,0,0,FY2025,Feb-2025,2025-02
20250214,2025-02-14,2025,1,Q1,2,February,Feb,7,14,Friday,Fri,5,0,1,0,0,0,0,0,0,FY2025,Feb-2025,2025-02
20250215,2025-02-15,2025,1,Q1,2,February,Feb,7,15,Saturday,Sat,6,1,0,0,0,0,0,0,0,FY2025,Feb-2025,2025-02
20250216,2025-02-16,2025,1,Q1,2,February,Feb,7,16,Sunday,Sun,7,1,0,0,0,0,0,0,0,FY2025,Feb-2025,2025-02
20250217,2025-02-17,2025,1,Q1,2,February,Feb,8,17,Monday,Mon,1,0,1,0,0,0,0,0,0,FY2025,Feb-2025,2025-02
20250218,2025-02-18,2025,1,Q1,2,February,Feb,8,18,Tuesday,Tue,2,0,1,0,0,0,0,0,0,FY2025,Feb-2025,2025-02
20250219,2025-02-19,2025,1,Q1,2,February,Feb,8,19,Wednesday,Wed,3,0,1,0,0,0,0,0,0,FY2025,Feb-2025,2025-02
20250220,2025-02-20,2025,1,Q1,2,February,Feb,8,20,Thursday,Thu,4,0,1,0,0,0,0,0,0,FY2025,Feb-2025,2025-02
20250221,2025-02-21,2025,1,Q1,2,February,Feb,8,21,Friday,Fri,5,0,1,0,0,0,0,0,0,FY2025,Feb-2025,2025-02
20250222,2025-02-22,2025,1,Q1,2,February,Feb,8,22,Saturday,Sat,6,1,0,0,0,0,0,0,0,FY2025,Feb-2025,2025-02
20250223,2025-02-23,2025,1,Q1,2,February,Feb,8,23,Sunday,Sun,7,1,0,0,0,0,0,0,0,FY2025,Feb-2025,2025-02
20250224,2025-02-24,2025,1,Q1,2,February,Feb,9,24,Monday,Mon,1,0,1,0,0,0,0,0,0,FY2025,Feb-2025,2025-02
20250225,2025-02-25,2025,1,Q1,2,February,Feb,9,25,Tuesday,Tue,2,0,1,0,0,0,0,0,0,FY2025,Feb-2025,2025-02
20250226,2025-02-26,2025,1,Q1,2,February,Feb,9,26,Wednesday,Wed,3,0,1,0,0,0,0,0,0,FY2025,Feb-2025,2025-02
20250227,2025-02-27,2025,1,Q1,2,February,Feb,9,27,Thursday,Thu,4,0,1,0,0,0,0,0,0,FY2025,Feb-2025,2025-02
20250228,2025-02-28,2025,1,Q1,2,February,Feb,9,28,Friday,Fri,5,0,1,0,1,0,0,0,0,FY2025,Feb-2025,2025-02
20250301,2025-03-01,2025,1,Q1,3,March,Mar,9,1,Saturday,Sat,6,1,0,1,0,0,0,0,0,FY2025,Mar-2025,2025-03
20250302,2025-03-02,2025,1,Q1,3,March,Mar,9,2,Sunday,Sun,7,1,0,0,0,0,0,0,0,FY2025,Mar-2025,2025-03
20250303,2025-03-03,2025,1,Q1,3,March,Mar,10,3,Monday,Mon,1,0,1,0,0,0,0,0,0,FY2025,Mar-2025,2025-03
20250304,2025-03-04,2025,1,Q1,3,March,Mar,10,4,Tuesday,Tue,2,0,1,0,0,0,0,0,0,FY2025,Mar-2025,2025-03
20250305,2025-03-05,2025,1,Q1,3,March,Mar,10,5,Wednesday,Wed,3,0,1,0,0,0,0,0,0,FY2025,Mar-2025,2025-03
20250306,2025-03-06,2025,1,Q1,3,March,Mar,10,6,Thursday,Thu,4,0,1,0,0,0,0,0,0,FY2025,Mar-2025,2025-03
20250307,2025-03-07,2025,1,Q1,3,March,Mar,10,7,Friday,Fri,5,0,1,0,0,0,0,0,0,FY2025,Mar-2025,2025-03
20250308,2025-03-08,2025,1,Q1,3,March,Mar,10,8,Saturday,Sat,6,1,0,0,0,0,0,0,0,FY2025,Mar-2025,2025-03
20250309,2025-03-09,2025,1,Q1,3,March,Mar,10,9,Sunday,Sun,7,1,0,0,0,0,0,0,0,FY2025,Mar-2025,2025-03
20250310,2025-03-10,2025,1,Q1,3,March,Mar,11,10,Monday,Mon,1,0,1,0,0,0,0,0,0,FY2025,Mar-2025,2025-03
20250311,2025-03-11,2025,1,Q1,3,March,Mar,11,11,Tuesday,Tue,2,0,1,0,0,0,0,0,0,FY2025,Mar-2025,2025-03
20250312,2025-03-12,2025,1,Q1,3,March,Mar,11,12,Wednesday,Wed,3,0,1,0,0,0,0,0,0,FY2025,Mar-2025,2025-03
20250313,2025-03-13,2025,1,Q1,3,March,Mar,11,13,Thursday,Thu,4,0,1,0,0,0,0,0,0,FY2025,Mar-2025,2025-03
20250314,2025-03-14,2025,1,Q1,3,March,Mar,11,14,Friday,Fri,5,0,1,0,0,0,0,0,0,FY2025,Mar-2025,2025-03
20250315,2025-03-15,2025,1,Q1,3,March,Mar,11,15,Saturday,Sat,6,1,0,0,0,0,0,0,0,FY2025,Mar-2025,2025-03
20250316,2025-03-16,2025,1,Q1,3,March,Mar,11,16,Sunday,Sun,7,1,0,0,0,0,0,0,0,FY2025,Mar-2025,2025-03
20250317,2025-03-17,2025,1,Q1,3,March,Mar,12,17,Monday,Mon,1,0,1,0,0,0,0,0,0,FY2025,Mar-2025,2025-03
20250318,2025-03-18,2025,1,Q1,3,March,Mar,12,18,Tuesday,Tue,2,0,1,0,0,0,0,0,0,FY2025,Mar-2025,2025-03
20250319,2025-03-19,2025,1,Q1,3,March,Mar,12,19,Wednesday,Wed,3,0,1,0,0,0,0,0,0,FY2025,Mar-2025,2025-03
20250320,2025-03-20,2025,1,Q1,3,March,Mar,12,20,Thursday,Thu,4,0,1,0,0,0,0,0,0,FY2025,Mar-2025,2025-03
20250321,2025-03-21,2025,1,Q1,3,March,Mar,12,21,Friday,Fri,5,0,1,0,0,0,0,0,0,FY2025,Mar-2025,2025-03
20250322,2025-03-22,2025,1,Q1,3,March,Mar,12,22,Saturday,Sat,6,1,0,0,0,0,0,0,0,FY2025,Mar-2025,2025-03
20250323,2025-03-23,2025,1,Q1,3,March,Mar,12,23,Sunday,Sun,7,1,0,0,0,0,0,0,0,FY2025,Mar-2025,2025-03
20250324,2025-03-24,2025,1,Q1,3,March,Mar,13,24,Monday,Mon,1,0,1,0,0,0,0,0,0,FY2025,Mar-2025,2025-03
20250325,2025-03-25,2025,1,Q1,3,March,Mar,13,25,Tuesday,Tue,2,0,1,0,0,0,0,0,0,FY2025,Mar-2025,2025-03
20250326,2025-03-26,2025,1,Q1,3,March,Mar,13,26,Wednesday,Wed,3,0,1,0,0,0,0,0,0,FY2025,Mar-2025,2025-03
20250327,2025-03-27,2025,1,Q1,3,March,Mar,13,27,Thursday,Thu,4,0,1,0,0,0,0,0,0,FY2025,Mar-2025,2025-03
20250328,2025-03-28,2025,1,Q1,3,March,Mar,13,28,Friday,Fri,5,0,1,0,0,0,0,0,0,FY2025,Mar-2025,2025-03
20250329,2025-03-29,2025,1,Q1,3,March,Mar,13,29,Saturday,Sat,6,1,0,0,0,0,0,0,0,FY2025,Mar-2025,2025-03
20250330,2025-03-30,2025,1,Q1,3,March,Mar,13,30,Sunday,Sun,7,1,0,0,0,0,0,0,0,FY2025,Mar-2025,2025-03
20250331,2025-03-31,2025,1,Q1,3,March,Mar,14,31,Monday,Mon,1,0,1,0,1,0,1,0,0,FY2025,Mar-2025,2025-03
20250401,2025-04-01,2025,2,Q2,4,April,Apr,14,1,Tuesday,Tue,2,0,1,1,0,1,0,0,0,FY2025,Apr-2025,2025-04
20250402,2025-04-02,2025,2,Q2,4,April,Apr,14,2,Wednesday,Wed,3,0,1,0,0,0,0,0,0,FY2025,Apr-2025,2025-04
20250403,2025-04-03,2025,2,Q2,4,April,Apr,14,3,Thursday,Thu,4,0,1,0,0,0,0,0,0,FY2025,Apr-2025,2025-04
20250404,2025-04-04,2025,2,Q2,4,April,Apr,14,4,Friday,Fri,5,0,1,0,0,0,0,0,0,FY2025,Apr-2025,2025-04
20250405,2025-04-05,2025,2,Q2,4,April,Apr,14,5,Saturday,Sat,6,1,0,0,0,0,0,0,0,FY2025,Apr-2025,2025-04
20250406,2025-04-06,2025,2,Q2,4,April,Apr,14,6,Sunday,Sun,7,1,0,0,0,0,0,0,0,FY2025,Apr-2025,2025-04
20250407,2025-04-07,2025,2,Q2,4,April,Apr,15,7,Monday,Mon,1,0,1,0,0,0,0,0,0,FY2025,Apr-2025,2025-04
20250408,2025-04-08,2025,2,Q2,4,April,Apr,15,8,Tuesday,Tue,2,0,1,0,0,0,0,0,0,FY2025,Apr-2025,2025-04
20250409,2025-04-09,2025,2,Q2,4,April,Apr,15,9,Wednesday,Wed,3,0,1,0,0,0,0,0,0,FY2025,Apr-2025,2025-04
20250410,2025-04-10,2025,2,Q2,4,April,Apr,15,10,Thursday,Thu,4,0,1,0,0,0,0,0,0,FY2025,Apr-2025,2025-04
20250411,2025-04-11,2025,2,Q2,4,April,Apr,15,11,Friday,Fri,5,0,1,0,0,0,0,0,0,FY2025,Apr-2025,2025-04
20250412,2025-04-12,2025,2,Q2,4,April,Apr,15,12,Saturday,Sat,6,1,0,0,0,0,0,0,0,FY2025,Apr-2025,2025-04
20250413,2025-04-13,2025,2,Q2,4,April,Apr,15,13,Sunday,Sun,7,1,0,0,0,0,0,0,0,FY2025,Apr-2025,2025-04
20250414,2025-04-14,2025,2,Q2,4,April,Apr,16,14,Monday,Mon,1,0,1,0,0,0,0,0,0,FY2025,Apr-2025,2025-04
20250415,2025-04-15,2025,2,Q2,4,April,Apr,16,15,Tuesday,Tue,2,0,1,0,0,0,0,0,0,FY2025,Apr-2025,2025-04
20250416,2025-04-16,2025,2,Q2,4,April,Apr,16,16,Wednesday,Wed,3,0,1,0,0,0,0,0,0,FY2025,Apr-2025,2025-04
20250417,2025-04-17,2025,2,Q2,4,April,Apr,16,17,Thursday,Thu,4,0,1,0,0,0,0,0,0,FY2025,Apr-2025,2025-04
20250418,2025-04-18,2025,2,Q2,4,April,Apr,16,18,Friday,Fri,5,0,1,0,0,0,0,0,0,FY2025,Apr-2025,2025-04
20250419,2025-04-19,2025,2,Q2,4,April,Apr,16,19,Saturday,Sat,6,1,0,0,0,0,0,0,0,FY2025,Apr-2025,2025-04
20250420,2025-04-20,2025,2,Q2,4,April,Apr,16,20,Sunday,Sun,7,1,0,0,0,0,0,0,0,FY2025,Apr-2025,2025-04
20250421,2025-04-21,2025,2,Q2,4,April,Apr,17,21,Monday,Mon,1,0,1,0,0,0,0,0,0,FY2025,Apr-2025,2025-04
20250422,2025-04-22,2025,2,Q2,4,April,Apr,17,22,Tuesday,Tue,2,0,1,0,0,0,0,0,0,FY2025,Apr-2025,2025-04
20250423,2025-04-23,2025,2,Q2,4,April,Apr,17,23,Wednesday,Wed,3,0,1,0,0,0,0,0,0,FY2025,Apr-2025,2025-04
20250424,2025-04-24,2025,2,Q2,4,April,Apr,17,24,Thursday,Thu,4,0,1,0,0,0,0,0,0,FY2025,Apr-2025,2025-04
20250425,2025-04-25,2025,2,Q2,4,April,Apr,17,25,Friday,Fri,5,0,1,0,0,0,0,0,0,FY2025,Apr-2025,2025-04
20250426,2025-04-26,2025,2,Q2,4,April,Apr,17,26,Saturday,Sat,6,1,0,0,0,0,0,0,0,FY2025,Apr-2025,2025-04
20250427,2025-04-27,2025,2,Q2,4,April,Apr,17,27,Sunday,Sun,7,1,0,0,0,0,0,0,0,FY2025,Apr-2025,2025-04
20250428,2025-04-28,2025,2,Q2,4,April,Apr,18,28,Monday,Mon,1,0,1,0,0,0,0,0,0,FY2025,Apr-2025,2025-04
20250429,2025-04-29,2025,2,Q2,4,April,Apr,18,29,Tuesday,Tue,2,0,1,0,0,0,0,0,0,FY2025,Apr-2025,2025-04
20250430,2025-04-30,2025,2,Q2,4,April,Apr,18,30,Wednesday,Wed,3,0,1,0,1,0,0,0,0,FY2025,Apr-2025,2025-04
20250501,2025-05-01,2025,2,Q2,5,May,May,18,1,Thursday,Thu,4,0,1,1,0,0,0,0,0,FY2025,May-2025,2025-05
20250502,2025-05-02,2025,2,Q2,5,May,May,18,2,Friday,Fri,5,0,1,0,0,0,0,0,0,FY2025,May-2025,2025-05
20250503,2025-05-03,2025,2,Q2,5,May,May,18,3,Saturday,Sat,6,1,0,0,0,0,0,0,0,FY2025,May-2025,2025-05
20250504,2025-05-04,2025,2,Q2,5,May,May,18,4,Sunday,Sun,7,1,0,0,0,0,0,0,0,FY2025,May-2025,2025-05
20250505,2025-05-05,2025,2,Q2,5,May,May,19,5,Monday,Mon,1,0,1,0,0,0,0,0,0,FY2025,May-2025,2025-05
20250506,2025-05-06,2025,2,Q2,5,May,May,19,6,Tuesday,Tue,2,0,1,0,0,0,0,0,0,FY2025,May-2025,2025-05
20250507,2025-05-07,2025,2,Q2,5,May,May,19,7,Wednesday,Wed,3,0,1,0,0,0,0,0,0,FY2025,May-2025,2025-05
20250508,2025-05-08,2025,2,Q2,5,May,May,19,8,Thursday,Thu,4,0,1,0,0,0,0,0,0,FY2025,May-2025,2025-05
20250509,2025-05-09,2025,2,Q2,5,May,May,19,9,Friday,Fri,5,0,1,0,0,0,0,0,0,FY2025,May-2025,2025-05
20250510,2025-05-10,2025,2,Q2,5,May,May,19,10,Saturday,Sat,6,1,0,0,0,0,0,0,0,FY2025,May-2025,2025-05
20250511,2025-05-11,2025,2,Q2,5,May,May,19,11,Sunday,Sun,7,1,0,0,0,0,0,0,0,FY2025,May-2025,2025-05
20250512,2025-05-12,2025,2,Q2,5,May,May,20,12,Monday,Mon,1,0,1,0,0,0,0,0,0,FY2025,May-2025,2025-05
20250513,2025-05-13,2025,2,Q2,5,May,May,20,13,Tuesday,Tue,2,0,1,0,0,0,0,0,0,FY2025,May-2025,2025-05
20250514,2025-05-14,2025,2,Q2,5,May,May,20,14,Wednesday,Wed,3,0,1,0,0,0,0,0,0,FY2025,May-2025,2025-05
20250515,2025-05-15,2025,2,Q2,5,May,May,20,15,Thursday,Thu,4,0,1,0,0,0,0,0,0,FY2025,May-2025,2025-05
20250516,2025-05-16,2025,2,Q2,5,May,May,20,16,Friday,Fri,5,0,1,0,0,0,0,0,0,FY2025,May-2025,2025-05
20250517,2025-05-17,2025,2,Q2,5,May,May,20,17,Saturday,Sat,6,1,0,0,0,0,0,0,0,FY2025,May-2025,2025-05
20250518,2025-05-18,2025,2,Q2,5,May,May,20,18,Sunday,Sun,7,1,0,0,0,0,0,0,0,FY2025,May-2025,2025-05
20250519,2025-05-19,2025,2,Q2,5,May,May,21,19,Monday,Mon,1,0,1,0,0,0,0,0,0,FY2025,May-2025,2025-05
20250520,2025-05-20,2025,2,Q2,5,May,May,21,20,Tuesday,Tue,2,0,1,0,0,0,0,0,0,FY2025,May-2025,2025-05
20250521,2025-05-21,2025,2,Q2,5,May,May,21,21,Wednesday,Wed,3,0,1,0,0,0,0,0,0,FY2025,May-2025,2025-05
20250522,2025-05-22,2025,2,Q2,5,May,May,21,22,Thursday,Thu,4,0,1,0,0,0,0,0,0,FY2025,May-2025,2025-05
20250523,2025-05-23,2025,2,Q2,5,May,May,21,23,Friday,Fri,5,0,1,0,0,0,0,0,0,FY2025,May-2025,2025-05
20250524,2025-05-24,2025,2,Q2,5,May,May,21,24,Saturday,Sat,6,1,0,0,0,0,0,0,0,FY2025,May-2025,2025-05
20250525,2025-05-25,2025,2,Q2,5,May,May,21,25,Sunday,Sun,7,1,0,0,0,0,0,0,0,FY2025,May-2025,2025-05
20250526,2025-05-26,2025,2,Q2,5,May,May,22,26,Monday,Mon,1,0,1,0,0,0,0,0,0,FY2025,May-2025,2025-05
20250527,2025-05-27,2025,2,Q2,5,May,May,22,27,Tuesday,Tue,2,0,1,0,0,0,0,0,0,FY2025,May-2025,2025-05
20250528,2025-05-28,2025,2,Q2,5,May,May,22,28,Wednesday,Wed,3,0,1,0,0,0,0,0,0,FY2025,May-2025,2025-05
20250529,2025-05-29,2025,2,Q2,5,May,May,22,29,Thursday,Thu,4,0,1,0,0,0,0,0,0,FY2025,May-2025,2025-05
20250530,2025-05-30,2025,2,Q2,5,May,May,22,30,Friday,Fri,5,0,1,0,0,0,0,0,0,FY2025,May-2025,2025-05
20250531,2025-05-31,2025,2,Q2,5,May,May,22,31,Saturday,Sat,6,1,0,0,1,0,0,0,0,FY2025,May-2025,2025-05
20250601,2025-06-01,2025,2,Q2,6,June,Jun,22,1,Sunday,Sun,7,1,0,1,0,0,0,0,0,FY2025,Jun-2025,2025-06
20250602,2025-06-02,2025,2,Q2,6,June,Jun,23,2,Monday,Mon,1,0,1,0,0,0,0,0,0,FY2025,Jun-2025,2025-06
20250603,2025-06-03,2025,2,Q2,6,June,Jun,23,3,Tuesday,Tue,2,0,1,0,0,0,0,0,0,FY2025,Jun-2025,2025-06
20250604,2025-06-04,2025,2,Q2,6,June,Jun,23,4,Wednesday,Wed,3,0,1,0,0,0,0,0,0,FY2025,Jun-2025,2025-06
20250605,2025-06-05,2025,2,Q2,6,June,Jun,23,5,Thursday,Thu,4,0,1,0,0,0,0,0,0,FY2025,Jun-2025,2025-06
20250606,2025-06-06,2025,2,Q2,6,June,Jun,23,6,Friday,Fri,5,0,1,0,0,0,0,0,0,FY2025,Jun-2025,2025-06
20250607,2025-06-07,2025,2,Q2,6,June,Jun,23,7,Saturday,Sat,6,1,0,0,0,0,0,0,0,FY2025,Jun-2025,2025-06
20250608,2025-06-08,2025,2,Q2,6,June,Jun,23,8,Sunday,Sun,7,1,0,0,0,0,0,0,0,FY2025,Jun-2025,2025-06
20250609,2025-06-09,2025,2,Q2,6,June,Jun,24,9,Monday,Mon,1,0,1,0,0,0,0,0,0,FY2025,Jun-2025,2025-06
20250610,2025-06-10,2025,2,Q2,6,June,Jun,24,10,Tuesday,Tue,2,0,1,0,0,0,0,0,0,FY2025,Jun-2025,2025-06
20250611,2025-06-11,2025,2,Q2,6,June,Jun,24,11,Wednesday,Wed,3,0,1,0,0,0,0,0,0,FY2025,Jun-2025,2025-06
20250612,2025-06-12,2025,2,Q2,6,June,Jun,24,12,Thursday,Thu,4,0,1,0,0,0,0,0,0,FY2025,Jun-2025,2025-06
20250613,2025-06-13,2025,2,Q2,6,June,Jun,24,13,Friday,Fri,5,0,1,0,0,0,0,0,0,FY2025,Jun-2025,2025-06
20250614,2025-06-14,2025,2,Q2,6,June,Jun,24,14,Saturday,Sat,6,1,0,0,0,0,0,0,0,FY2025,Jun-2025,2025-06
20250615,2025-06-15,2025,2,Q2,6,June,Jun,24,15,Sunday,Sun,7,1,0,0,0,0,0,0,0,FY2025,Jun-2025,2025-06
20250616,2025-06-16,2025,2,Q2,6,June,Jun,25,16,Monday,Mon,1,0,1,0,0,0,0,0,0,FY2025,Jun-2025,2025-06
20250617,2025-06-17,2025,2,Q2,6,June,Jun,25,17,Tuesday,Tue,2,0,1,0,0,0,0,0,0,FY2025,Jun-2025,2025-06
20250618,2025-06-18,2025,2,Q2,6,June,Jun,25,18,Wednesday,Wed,3,0,1,0,0,0,0,0,0,FY2025,Jun-2025,2025-06
20250619,2025-06-19,2025,2,Q2,6,June,Jun,25,19,Thursday,Thu,4,0,1,0,0,0,0,0,0,FY2025,Jun-2025,2025-06
20250620,2025-06-20,2025,2,Q2,6,June,Jun,25,20,Friday,Fri,5,0,1,0,0,0,0,0,0,FY2025,Jun-2025,2025-06
20250621,2025-06-21,2025,2,Q2,6,June,Jun,25,21,Saturday,Sat,6,1,0,0,0,0,0,0,0,FY2025,Jun-2025,2025-06
20250622,2025-06-22,2025,2,Q2,6,June,Jun,25,22,Sunday,Sun,7,1,0,0,0,0,0,0,0,FY2025,Jun-2025,2025-06
20250623,2025-06-23,2025,2,Q2,6,June,Jun,26,23,Monday,Mon,1,0,1,0,0,0,0,0,0,FY2025,Jun-2025,2025-06
20250624,2025-06-24,2025,2,Q2,6,June,Jun,26,24,Tuesday,Tue,2,0,1,0,0,0,0,0,0,FY2025,Jun-2025,2025-06
20250625,2025-06-25,2025,2,Q2,6,June,Jun,26,25,Wednesday,Wed,3,0,1,0,0,0,0,0,0,FY2025,Jun-2025,2025-06
20250626,2025-06-26,2025,2,Q2,6,June,Jun,26,26,Thursday,Thu,4,0,1,0,0,0,0,0,0,FY2025,Jun-2025,2025-06
20250627,2025-06-27,2025,2,Q2,6,June,Jun,26,27,Friday,Fri,5,0,1,0,0,0,0,0,0,FY2025,Jun-2025,2025-06
20250628,2025-06-28,2025,2,Q2,6,June,Jun,26,28,Saturday,Sat,6,1,0,0,0,0,0,0,0,FY2025,Jun-2025,2025-06
20250629,2025-06-29,2025,2,Q2,6,June,Jun,26,29,Sunday,Sun,7,1,0,0,0,0,0,0,0,FY2025,Jun-2025,2025-06
20250630,2025-06-30,2025,2,Q2,6,June,Jun,27,30,Monday,Mon,1,0,1,0,1,0,1,0,0,FY2025,Jun-2025,2025-06
20250701,2025-07-01,2025,3,Q3,7,July,Jul,27,1,Tuesday,Tue,2,0,1,1,0,1,0,0,0,FY2025,Jul-2025,2025-07
20250702,2025-07-02,2025,3,Q3,7,July,Jul,27,2,Wednesday,Wed,3,0,1,0,0,0,0,0,0,FY2025,Jul-2025,2025-07
20250703,2025-07-03,2025,3,Q3,7,July,Jul,27,3,Thursday,Thu,4,0,1,0,0,0,0,0,0,FY2025,Jul-2025,2025-07
20250704,2025-07-04,2025,3,Q3,7,July,Jul,27,4,Friday,Fri,5,0,1,0,0,0,0,0,0,FY2025,Jul-2025,2025-07
20250705,2025-07-05,2025,3,Q3,7,July,Jul,27,5,Saturday,Sat,6,1,0,0,0,0,0,0,0,FY2025,Jul-2025,2025-07
20250706,2025-07-06,2025,3,Q3,7,July,Jul,27,6,Sunday,Sun,7,1,0,0,0,0,0,0,0,FY2025,Jul-2025,2025-07
20250707,2025-07-07,2025,3,Q3,7,July,Jul,28,7,Monday,Mon,1,0,1,0,0,0,0,0,0,FY2025,Jul-2025,2025-07
20250708,2025-07-08,2025,3,Q3,7,July,Jul,28,8,Tuesday,Tue,2,0,1,0,0,0,0,0,0,FY2025,Jul-2025,2025-07
20250709,2025-07-09,2025,3,Q3,7,July,Jul,28,9,Wednesday,Wed,3,0,1,0,0,0,0,0,0,FY2025,Jul-2025,2025-07
20250710,2025-07-10,2025,3,Q3,7,July,Jul,28,10,Thursday,Thu,4,0,1,0,0,0,0,0,0,FY2025,Jul-2025,2025-07
20250711,2025-07-11,2025,3,Q3,7,July,Jul,28,11,Friday,Fri,5,0,1,0,0,0,0,0,0,FY2025,Jul-2025,2025-07
20250712,2025-07-12,2025,3,Q3,7,July,Jul,28,12,Saturday,Sat,6,1,0,0,0,0,0,0,0,FY2025,Jul-2025,2025-07
20250713,2025-07-13,2025,3,Q3,7,July,Jul,28,13,Sunday,Sun,7,1,0,0,0,0,0,0,0,FY2025,Jul-2025,2025-07
20250714,2025-07-14,2025,3,Q3,7,July,Jul,29,14,Monday,Mon,1,0,1,0,0,0,0,0,0,FY2025,Jul-2025,2025-07
20250715,2025-07-15,2025,3,Q3,7,July,Jul,29,15,Tuesday,Tue,2,0,1,0,0,0,0,0,0,FY2025,Jul-2025,2025-07
20250716,2025-07-16,2025,3,Q3,7,July,Jul,29,16,Wednesday,Wed,3,0,1,0,0,0,0,0,0,FY2025,Jul-2025,2025-07
20250717,2025-07-17,2025,3,Q3,7,July,Jul,29,17,Thursday,Thu,4,0,1,0,0,0,0,0,0,FY2025,Jul-2025,2025-07
20250718,2025-07-18,2025,3,Q3,7,July,Jul,29,18,Friday,Fri,5,0,1,0,0,0,0,0,0,FY2025,Jul-2025,2025-07
20250719,2025-07-19,2025,3,Q3,7,July,Jul,29,19,Saturday,Sat,6,1,0,0,0,0,0,0,0,FY2025,Jul-2025,2025-07
20250720,2025-07-20,2025,3,Q3,7,July,Jul,29,20,Sunday,Sun,7,1,0,0,0,0,0,0,0,FY2025,Jul-2025,2025-07
20250721,2025-07-21,2025,3,Q3,7,July,Jul,30,21,Monday,Mon,1,0,1,0,0,0,0,0,0,FY2025,Jul-2025,2025-07
20250722,2025-07-22,2025,3,Q3,7,July,Jul,30,22,Tuesday,Tue,2,0,1,0,0,0,0,0,0,FY2025,Jul-2025,2025-07
20250723,2025-07-23,2025,3,Q3,7,July,Jul,30,23,Wednesday,Wed,3,0,1,0,0,0,0,0,0,FY2025,Jul-2025,2025-07
20250724,2025-07-24,2025,3,Q3,7,July,Jul,30,24,Thursday,Thu,4,0,1,0,0,0,0,0,0,FY2025,Jul-2025,2025-07
20250725,2025-07-25,2025,3,Q3,7,July,Jul,30,25,Friday,Fri,5,0,1,0,0,0,0,0,0,FY2025,Jul-2025,2025-07
20250726,2025-07-26,2025,3,Q3,7,July,Jul,30,26,Saturday,Sat,6,1,0,0,0,0,0,0,0,FY2025,Jul-2025,2025-07
20250727,2025-07-27,2025,3,Q3,7,July,Jul,30,27,Sunday,Sun,7,1,0,0,0,0,0,0,0,FY2025,Jul-2025,2025-07
20250728,2025-07-28,2025,3,Q3,7,July,Jul,31,28,Monday,Mon,1,0,1,0,0,0,0,0,0,FY2025,Jul-2025,2025-07
20250729,2025-07-29,2025,3,Q3,7,July,Jul,31,29,Tuesday,Tue,2,0,1,0,0,0,0,0,0,FY2025,Jul-2025,2025-07
20250730,2025-07-30,2025,3,Q3,7,July,Jul,31,30,Wednesday,Wed,3,0,1,0,0,0,0,0,0,FY2025,Jul-2025,2025-07
20250731,2025-07-31,2025,3,Q3,7,July,Jul,31,31,Thursday,Thu,4,0,1,0,1,0,0,0,0,FY2025,Jul-2025,2025-07
20250801,2025-08-01,2025,3,Q3,8,August,Aug,31,1,Friday,Fri,5,0,1,1,0,0,0,0,0,FY2025,Aug-2025,2025-08
20250802,2025-08-02,2025,3,Q3,8,August,Aug,31,2,Saturday,Sat,6,1,0,0,0,0,0,0,0,FY2025,Aug-2025,2025-08
20250803,2025-08-03,2025,3,Q3,8,August,Aug,31,3,Sunday,Sun,7,1,0,0,0,0,0,0,0,FY2025,Aug-2025,2025-08
20250804,2025-08-04,2025,3,Q3,8,August,Aug,32,4,Monday,Mon,1,0,1,0,0,0,0,0,0,FY2025,Aug-2025,2025-08
20250805,2025-08-05,2025,3,Q3,8,August,Aug,32,5,Tuesday,Tue,2,0,1,0,0,0,0,0,0,FY2025,Aug-2025,2025-08
20250806,2025-08-06,2025,3,Q3,8,August,Aug,32,6,Wednesday,Wed,3,0,1,0,0,0,0,0,0,FY2025,Aug-2025,2025-08
20250807,2025-08-07,2025,3,Q3,8,August,Aug,32,7,Thursday,Thu,4,0,1,0,0,0,0,0,0,FY2025,Aug-2025,2025-08
20250808,2025-08-08,2025,3,Q3,8,August,Aug,32,8,Friday,Fri,5,0,1,0,0,0,0,0,0,FY2025,Aug-2025,2025-08
20250809,2025-08-09,2025,3,Q3,8,August,Aug,32,9,Saturday,Sat,6,1,0,0,0,0,0,0,0,FY2025,Aug-2025,2025-08
20250810,2025-08-10,2025,3,Q3,8,August,Aug,32,10,Sunday,Sun,7,1,0,0,0,0,0,0,0,FY2025,Aug-2025,2025-08
20250811,2025-08-11,2025,3,Q3,8,August,Aug,33,11,Monday,Mon,1,0,1,0,0,0,0,0,0,FY2025,Aug-2025,2025-08
20250812,2025-08-12,2025,3,Q3,8,August,Aug,33,12,Tuesday,Tue,2,0,1,0,0,0,0,0,0,FY2025,Aug-2025,2025-08
20250813,2025-08-13,2025,3,Q3,8,August,Aug,33,13,Wednesday,Wed,3,0,1,0,0,0,0,0,0,FY2025,Aug-2025,2025-08
20250814,2025-08-14,2025,3,Q3,8,August,Aug,33,14,Thursday,Thu,4,0,1,0,0,0,0,0,0,FY2025,Aug-2025,2025-08
20250815,2025-08-15,2025,3,Q3,8,August,Aug,33,15,Friday,Fri,5,0,1,0,0,0,0,0,0,FY2025,Aug-2025,2025-08
20250816,2025-08-16,2025,3,Q3,8,August,Aug,33,16,Saturday,Sat,6,1,0,0,0,0,0,0,0,FY2025,Aug-2025,2025-08
20250817,2025-08-17,2025,3,Q3,8,August,Aug,33,17,Sunday,Sun,7,1,0,0,0,0,0,0,0,FY2025,Aug-2025,2025-08
20250818,2025-08-18,2025,3,Q3,8,August,Aug,34,18,Monday,Mon,1,0,1,0,0,0,0,0,0,FY2025,Aug-2025,2025-08
20250819,2025-08-19,2025,3,Q3,8,August,Aug,34,19,Tuesday,Tue,2,0,1,0,0,0,0,0,0,FY2025,Aug-2025,2025-08
20250820,2025-08-20,2025,3,Q3,8,August,Aug,34,20,Wednesday,Wed,3,0,1,0,0,0,0,0,0,FY2025,Aug-2025,2025-08
20250821,2025-08-21,2025,3,Q3,8,August,Aug,34,21,Thursday,Thu,4,0,1,0,0,0,0,0,0,FY2025,Aug-2025,2025-08
20250822,2025-08-22,2025,3,Q3,8,August,Aug,34,22,Friday,Fri,5,0,1,0,0,0,0,0,0,FY2025,Aug-2025,2025-08
20250823,2025-08-23,2025,3,Q3,8,August,Aug,34,23,Saturday,Sat,6,1,0,0,0,0,0,0,0,FY2025,Aug-2025,2025-08
20250824,2025-08-24,2025,3,Q3,8,August,Aug,34,24,Sunday,Sun,7,1,0,0,0,0,0,0,0,FY2025,Aug-2025,2025-08
20250825,2025-08-25,2025,3,Q3,8,August,Aug,35,25,Monday,Mon,1,0,1,0,0,0,0,0,0,FY2025,Aug-2025,2025-08
20250826,2025-08-26,2025,3,Q3,8,August,Aug,35,26,Tuesday,Tue,2,0,1,0,0,0,0,0,0,FY2025,Aug-2025,2025-08
20250827,2025-08-27,2025,3,Q3,8,August,Aug,35,27,Wednesday,Wed,3,0,1,0,0,0,0,0,0,FY2025,Aug-2025,2025-08
20250828,2025-08-28,2025,3,Q3,8,August,Aug,35,28,Thursday,Thu,4,0,1,0,0,0,0,0,0,FY2025,Aug-2025,2025-08
20250829,2025-08-29,2025,3,Q3,8,August,Aug,35,29,Friday,Fri,5,0,1,0,0,0,0,0,0,FY2025,Aug-2025,2025-08
20250830,2025-08-30,2025,3,Q3,8,August,Aug,35,30,Saturday,Sat,6,1,0,0,0,0,0,0,0,FY2025,Aug-2025,2025-08
20250831,2025-08-31,2025,3,Q3,8,August,Aug,35,31,Sunday,Sun,7,1,0,0,1,0,0,0,0,FY2025,Aug-2025,2025-08
20250901,2025-09-01,2025,3,Q3,9,September,Sep,36,1,Monday,Mon,1,0,1,1,0,0,0,0,0,FY2025,Sep-2025,2025-09
20250902,2025-09-02,2025,3,Q3,9,September,Sep,36,2,Tuesday,Tue,2,0,1,0,0,0,0,0,0,FY2025,Sep-2025,2025-09
20250903,2025-09-03,2025,3,Q3,9,September,Sep,36,3,Wednesday,Wed,3,0,1,0,0,0,0,0,0,FY2025,Sep-2025,2025-09
20250904,2025-09-04,2025,3,Q3,9,September,Sep,36,4,Thursday,Thu,4,0,1,0,0,0,0,0,0,FY2025,Sep-2025,2025-09
20250905,2025-09-05,2025,3,Q3,9,September,Sep,36,5,Friday,Fri,5,0,1,0,0,0,0,0,0,FY2025,Sep-2025,2025-09
20250906,2025-09-06,2025,3,Q3,9,September,Sep,36,6,Saturday,Sat,6,1,0,0,0,0,0,0,0,FY2025,Sep-2025,2025-09
20250907,2025-09-07,2025,3,Q3,9,September,Sep,36,7,Sunday,Sun,7,1,0,0,0,0,0,0,0,FY2025,Sep-2025,2025-09
20250908,2025-09-08,2025,3,Q3,9,September,Sep,37,8,Monday,Mon,1,0,1,0,0,0,0,0,0,FY2025,Sep-2025,2025-09
20250909,2025-09-09,2025,3,Q3,9,September,Sep,37,9,Tuesday,Tue,2,0,1,0,0,0,0,0,0,FY2025,Sep-2025,2025-09
20250910,2025-09-10,2025,3,Q3,9,September,Sep,37,10,Wednesday,Wed,3,0,1,0,0,0,0,0,0,FY2025,Sep-2025,2025-09
20250911,2025-09-11,2025,3,Q3,9,September,Sep,37,11,Thursday,Thu,4,0,1,0,0,0,0,0,0,FY2025,Sep-2025,2025-09
20250912,2025-09-12,2025,3,Q3,9,September,Sep,37,12,Friday,Fri,5,0,1,0,0,0,0,0,0,FY2025,Sep-2025,2025-09
20250913,2025-09-13,2025,3,Q3,9,September,Sep,37,13,Saturday,Sat,6,1,0,0,0,0,0,0,0,FY2025,Sep-2025,2025-09
20250914,2025-09-14,2025,3,Q3,9,September,Sep,37,14,Sunday,Sun,7,1,0,0,0,0,0,0,0,FY2025,Sep-2025,2025-09
20250915,2025-09-15,2025,3,Q3,9,September,Sep,38,15,Monday,Mon,1,0,1,0,0,0,0,0,0,FY2025,Sep-2025,2025-09
20250916,2025-09-16,2025,3,Q3,9,September,Sep,38,16,Tuesday,Tue,2,0,1,0,0,0,0,0,0,FY2025,Sep-2025,2025-09
20250917,2025-09-17,2025,3,Q3,9,September,Sep,38,17,Wednesday,Wed,3,0,1,0,0,0,0,0,0,FY2025,Sep-2025,2025-09
20250918,2025-09-18,2025,3,Q3,9,September,Sep,38,18,Thursday,Thu,4,0,1,0,0,0,0,0,0,FY2025,Sep-2025,2025-09
20250919,2025-09-19,2025,3,Q3,9,September,Sep,38,19,Friday,Fri,5,0,1,0,0,0,0,0,0,FY2025,Sep-2025,2025-09
20250920,2025-09-20,2025,3,Q3,9,September,Sep,38,20,Saturday,Sat,6,1,0,0,0,0,0,0,0,FY2025,Sep-2025,2025-09
20250921,2025-09-21,2025,3,Q3,9,September,Sep,38,21,Sunday,Sun,7,1,0,0,0,0,0,0,0,FY2025,Sep-2025,2025-09
20250922,2025-09-22,2025,3,Q3,9,September,Sep,39,22,Monday,Mon,1,0,1,0,0,0,0,0,0,FY2025,Sep-2025,2025-09
20250923,2025-09-23,2025,3,Q3,9,September,Sep,39,23,Tuesday,Tue,2,0,1,0,0,0,0,0,0,FY2025,Sep-2025,2025-09
20250924,2025-09-24,2025,3,Q3,9,September,Sep,39,24,Wednesday,Wed,3,0,1,0,0,0,0,0,0,FY2025,Sep-2025,2025-09
20250925,2025-09-25,2025,3,Q3,9,September,Sep,39,25,Thursday,Thu,4,0,1,0,0,0,0,0,0,FY2025,Sep-2025,2025-09
20250926,2025-09-26,2025,3,Q3,9,September,Sep,39,26,Friday,Fri,5,0,1,0,0,0,0,0,0,FY2025,Sep-2025,2025-09
20250927,2025-09-27,2025,3,Q3,9,September,Sep,39,27,Saturday,Sat,6,1,0,0,0,0,0,0,0,FY2025,Sep-2025,2025-09
20250928,2025-09-28,2025,3,Q3,9,September,Sep,39,28,Sunday,Sun,7,1,0,0,0,0,0,0,0,FY2025,Sep-2025,2025-09
20250929,2025-09-29,2025,3,Q3,9,September,Sep,40,29,Monday,Mon,1,0,1,0,0,0,0,0,0,FY2025,Sep-2025,2025-09
20250930,2025-09-30,2025,3,Q3,9,September,Sep,40,30,Tuesday,Tue,2,0,1,0,1,0,1,0,0,FY2025,Sep-2025,2025-09
20251001,2025-10-01,2025,4,Q4,10,October,Oct,40,1,Wednesday,Wed,3,0,1,1,0,1,0,0,0,FY2025,Oct-2025,2025-10
20251002,2025-10-02,2025,4,Q4,10,October,Oct,40,2,Thursday,Thu,4,0,1,0,0,0,0,0,0,FY2025,Oct-2025,2025-10
20251003,2025-10-03,2025,4,Q4,10,October,Oct,40,3,Friday,Fri,5,0,1,0,0,0,0,0,0,FY2025,Oct-2025,2025-10
20251004,2025-10-04,2025,4,Q4,10,October,Oct,40,4,Saturday,Sat,6,1,0,0,0,0,0,0,0,FY2025,Oct-2025,2025-10
20251005,2025-10-05,2025,4,Q4,10,October,Oct,40,5,Sunday,Sun,7,1,0,0,0,0,0,0,0,FY2025,Oct-2025,2025-10
20251006,2025-10-06,2025,4,Q4,10,October,Oct,41,6,Monday,Mon,1,0,1,0,0,0,0,0,0,FY2025,Oct-2025,2025-10
20251007,2025-10-07,2025,4,Q4,10,October,Oct,41,7,Tuesday,Tue,2,0,1,0,0,0,0,0,0,FY2025,Oct-2025,2025-10
20251008,2025-10-08,2025,4,Q4,10,October,Oct,41,8,Wednesday,Wed,3,0,1,0,0,0,0,0,0,FY2025,Oct-2025,2025-10
20251009,2025-10-09,2025,4,Q4,10,October,Oct,41,9,Thursday,Thu,4,0,1,0,0,0,0,0,0,FY2025,Oct-2025,2025-10
20251010,2025-10-10,2025,4,Q4,10,October,Oct,41,10,Friday,Fri,5,0,1,0,0,0,0,0,0,FY2025,Oct-2025,2025-10
20251011,2025-10-11,2025,4,Q4,10,October,Oct,41,11,Saturday,Sat,6,1,0,0,0,0,0,0,0,FY2025,Oct-2025,2025-10
20251012,2025-10-12,2025,4,Q4,10,October,Oct,41,12,Sunday,Sun,7,1,0,0,0,0,0,0,0,FY2025,Oct-2025,2025-10
20251013,2025-10-13,2025,4,Q4,10,October,Oct,42,13,Monday,Mon,1,0,1,0,0,0,0,0,0,FY2025,Oct-2025,2025-10
20251014,2025-10-14,2025,4,Q4,10,October,Oct,42,14,Tuesday,Tue,2,0,1,0,0,0,0,0,0,FY2025,Oct-2025,2025-10
20251015,2025-10-15,2025,4,Q4,10,October,Oct,42,15,Wednesday,Wed,3,0,1,0,0,0,0,0,0,FY2025,Oct-2025,2025-10
20251016,2025-10-16,2025,4,Q4,10,October,Oct,42,16,Thursday,Thu,4,0,1,0,0,0,0,0,0,FY2025,Oct-2025,2025-10
20251017,2025-10-17,2025,4,Q4,10,October,Oct,42,17,Friday,Fri,5,0,1,0,0,0,0,0,0,FY2025,Oct-2025,2025-10
20251018,2025-10-18,2025,4,Q4,10,October,Oct,42,18,Saturday,Sat,6,1,0,0,0,0,0,0,0,FY2025,Oct-2025,2025-10
20251019,2025-10-19,2025,4,Q4,10,October,Oct,42,19,Sunday,Sun,7,1,0,0,0,0,0,0,0,FY2025,Oct-2025,2025-10
20251020,2025-10-20,2025,4,Q4,10,October,Oct,43,20,Monday,Mon,1,0,1,0,0,0,0,0,0,FY2025,Oct-2025,2025-10
20251021,2025-10-21,2025,4,Q4,10,October,Oct,43,21,Tuesday,Tue,2,0,1,0,0,0,0,0,0,FY2025,Oct-2025,2025-10
20251022,2025-10-22,2025,4,Q4,10,October,Oct,43,22,Wednesday,Wed,3,0,1,0,0,0,0,0,0,FY2025,Oct-2025,2025-10
20251023,2025-10-23,2025,4,Q4,10,October,Oct,43,23,Thursday,Thu,4,0,1,0,0,0,0,0,0,FY2025,Oct-2025,2025-10
20251024,2025-10-24,2025,4,Q4,10,October,Oct,43,24,Friday,Fri,5,0,1,0,0,0,0,0,0,FY2025,Oct-2025,2025-10
20251025,2025-10-25,2025,4,Q4,10,October,Oct,43,25,Saturday,Sat,6,1,0,0,0,0,0,0,0,FY2025,Oct-2025,2025-10
20251026,2025-10-26,2025,4,Q4,10,October,Oct,43,26,Sunday,Sun,7,1,0,0,0,0,0,0,0,FY2025,Oct-2025,2025-10
20251027,2025-10-27,2025,4,Q4,10,October,Oct,44,27,Monday,Mon,1,0,1,0,0,0,0,0,0,FY2025,Oct-2025,2025-10
20251028,2025-10-28,2025,4,Q4,10,October,Oct,44,28,Tuesday,Tue,2,0,1,0,0,0,0,0,0,FY2025,Oct-2025,2025-10
20251029,2025-10-29,2025,4,Q4,10,October,Oct,44,29,Wednesday,Wed,3,0,1,0,0,0,0,0,0,FY2025,Oct-2025,2025-10
20251030,2025-10-30,2025,4,Q4,10,October,Oct,44,30,Thursday,Thu,4,0,1,0,0,0,0,0,0,FY2025,Oct-2025,2025-10
20251031,2025-10-31,2025,4,Q4,10,October,Oct,44,31,Friday,Fri,5,0,1,0,1,0,0,0,0,FY2025,Oct-2025,2025-10
20251101,2025-11-01,2025,4,Q4,11,November,Nov,44,1,Saturday,Sat,6,1,0,1,0,0,0,0,0,FY2025,Nov-2025,2025-11
20251102,2025-11-02,2025,4,Q4,11,November,Nov,44,2,Sunday,Sun,7,1,0,0,0,0,0,0,0,FY2025,Nov-2025,2025-11
20251103,2025-11-03,2025,4,Q4,11,November,Nov,45,3,Monday,Mon,1,0,1,0,0,0,0,0,0,FY2025,Nov-2025,2025-11
20251104,2025-11-04,2025,4,Q4,11,November,Nov,45,4,Tuesday,Tue,2,0,1,0,0,0,0,0,0,FY2025,Nov-2025,2025-11
20251105,2025-11-05,2025,4,Q4,11,November,Nov,45,5,Wednesday,Wed,3,0,1,0,0,0,0,0,0,FY2025,Nov-2025,2025-11
20251106,2025-11-06,2025,4,Q4,11,November,Nov,45,6,Thursday,Thu,4,0,1,0,0,0,0,0,0,FY2025,Nov-2025,2025-11
20251107,2025-11-07,2025,4,Q4,11,November,Nov,45,7,Friday,Fri,5,0,1,0,0,0,0,0,0,FY2025,Nov-2025,2025-11
20251108,2025-11-08,2025,4,Q4,11,November,Nov,45,8,Saturday,Sat,6,1,0,0,0,0,0,0,0,FY2025,Nov-2025,2025-11
20251109,2025-11-09,2025,4,Q4,11,November,Nov,45,9,Sunday,Sun,7,1,0,0,0,0,0,0,0,FY2025,Nov-2025,2025-11
20251110,2025-11-10,2025,4,Q4,11,November,Nov,46,10,Monday,Mon,1,0,1,0,0,0,0,0,0,FY2025,Nov-2025,2025-11
20251111,2025-11-11,2025,4,Q4,11,November,Nov,46,11,Tuesday,Tue,2,0,1,0,0,0,0,0,0,FY2025,Nov-2025,2025-11
20251112,2025-11-12,2025,4,Q4,11,November,Nov,46,12,Wednesday,Wed,3,0,1,0,0,0,0,0,0,FY2025,Nov-2025,2025-11
20251113,2025-11-13,2025,4,Q4,11,November,Nov,46,13,Thursday,Thu,4,0,1,0,0,0,0,0,0,FY2025,Nov-2025,2025-11
20251114,2025-11-14,2025,4,Q4,11,November,Nov,46,14,Friday,Fri,5,0,1,0,0,0,0,0,0,FY2025,Nov-2025,2025-11
20251115,2025-11-15,2025,4,Q4,11,November,Nov,46,15,Saturday,Sat,6,1,0,0,0,0,0,0,0,FY2025,Nov-2025,2025-11
20251116,2025-11-16,2025,4,Q4,11,November,Nov,46,16,Sunday,Sun,7,1,0,0,0,0,0,0,0,FY2025,Nov-2025,2025-11
20251117,2025-11-17,2025,4,Q4,11,November,Nov,47,17,Monday,Mon,1,0,1,0,0,0,0,0,0,FY2025,Nov-2025,2025-11
20251118,2025-11-18,2025,4,Q4,11,November,Nov,47,18,Tuesday,Tue,2,0,1,0,0,0,0,0,0,FY2025,Nov-2025,2025-11
20251119,2025-11-19,2025,4,Q4,11,November,Nov,47,19,Wednesday,Wed,3,0,1,0,0,0,0,0,0,FY2025,Nov-2025,2025-11
20251120,2025-11-20,2025,4,Q4,11,November,Nov,47,20,Thursday,Thu,4,0,1,0,0,0,0,0,0,FY2025,Nov-2025,2025-11
20251121,2025-11-21,2025,4,Q4,11,November,Nov,47,21,Friday,Fri,5,0,1,0,0,0,0,0,0,FY2025,Nov-2025,2025-11
20251122,2025-11-22,2025,4,Q4,11,November,Nov,47,22,Saturday,Sat,6,1,0,0,0,0,0,0,0,FY2025,Nov-2025,2025-11
20251123,2025-11-23,2025,4,Q4,11,November,Nov,47,23,Sunday,Sun,7,1,0,0,0,0,0,0,0,FY2025,Nov-2025,2025-11
20251124,2025-11-24,2025,4,Q4,11,November,Nov,48,24,Monday,Mon,1,0,1,0,0,0,0,0,0,FY2025,Nov-2025,2025-11
20251125,2025-11-25,2025,4,Q4,11,November,Nov,48,25,Tuesday,Tue,2,0,1,0,0,0,0,0,0,FY2025,Nov-2025,2025-11
20251126,2025-11-26,2025,4,Q4,11,November,Nov,48,26,Wednesday,Wed,3,0,1,0,0,0,0,0,0,FY2025,Nov-2025,2025-11
20251127,2025-11-27,2025,4,Q4,11,November,Nov,48,27,Thursday,Thu,4,0,1,0,0,0,0,0,0,FY2025,Nov-2025,2025-11
20251128,2025-11-28,2025,4,Q4,11,November,Nov,48,28,Friday,Fri,5,0,1,0,0,0,0,0,0,FY2025,Nov-2025,2025-11
20251129,2025-11-29,2025,4,Q4,11,November,Nov,48,29,Saturday,Sat,6,1,0,0,0,0,0,0,0,FY2025,Nov-2025,2025-11
20251130,2025-11-30,2025,4,Q4,11,November,Nov,48,30,Sunday,Sun,7,1,0,0,1,0,0,0,0,FY2025,Nov-2025,2025-11
20251201,2025-12-01,2025,4,Q4,12,December,Dec,49,1,Monday,Mon,1,0,1,1,0,0,0,0,0,FY2025,Dec-2025,2025-12
20251202,2025-12-02,2025,4,Q4,12,December,Dec,49,2,Tuesday,Tue,2,0,1,0,0,0,0,0,0,FY2025,Dec-2025,2025-12
20251203,2025-12-03,2025,4,Q4,12,December,Dec,49,3,Wednesday,Wed,3,0,1,0,0,0,0,0,0,FY2025,Dec-2025,2025-12
20251204,2025-12-04,2025,4,Q4,12,December,Dec,49,4,Thursday,Thu,4,0,1,0,0,0,0,0,0,FY2025,Dec-2025,2025-12
20251205,2025-12-05,2025,4,Q4,12,December,Dec,49,5,Friday,Fri,5,0,1,0,0,0,0,0,0,FY2025,Dec-2025,2025-12
20251206,2025-12-06,2025,4,Q4,12,December,Dec,49,6,Saturday,Sat,6,1,0,0,0,0,0,0,0,FY2025,Dec-2025,2025-12
20251207,2025-12-07,2025,4,Q4,12,December,Dec,49,7,Sunday,Sun,7,1,0,0,0,0,0,0,0,FY2025,Dec-2025,2025-12
20251208,2025-12-08,2025,4,Q4,12,December,Dec,50,8,Monday,Mon,1,0,1,0,0,0,0,0,0,FY2025,Dec-2025,2025-12
20251209,2025-12-09,2025,4,Q4,12,December,Dec,50,9,Tuesday,Tue,2,0,1,0,0,0,0,0,0,FY2025,Dec-2025,2025-12
20251210,2025-12-10,2025,4,Q4,12,December,Dec,50,10,Wednesday,Wed,3,0,1,0,0,0,0,0,0,FY2025,Dec-2025,2025-12
20251211,2025-12-11,2025,4,Q4,12,December,Dec,50,11,Thursday,Thu,4,0,1,0,0,0,0,0,0,FY2025,Dec-2025,2025-12
20251212,2025-12-12,2025,4,Q4,12,December,Dec,50,12,Friday,Fri,5,0,1,0,0,0,0,0,0,FY2025,Dec-2025,2025-12
20251213,2025-12-13,2025,4,Q4,12,December,Dec,50,13,Saturday,Sat,6,1,0,0,0,0,0,0,0,FY2025,Dec-2025,2025-12
20251214,2025-12-14,2025,4,Q4,12,December,Dec,50,14,Sunday,Sun,7,1,0,0,0,0,0,0,0,FY2025,Dec-2025,2025-12
20251215,2025-12-15,2025,4,Q4,12,December,Dec,51,15,Monday,Mon,1,0,1,0,0,0,0,0,0,FY2025,Dec-2025,2025-12
20251216,2025-12-16,2025,4,Q4,12,December,Dec,51,16,Tuesday,Tue,2,0,1,0,0,0,0,0,0,FY2025,Dec-2025,2025-12
20251217,2025-12-17,2025,4,Q4,12,December,Dec,51,17,Wednesday,Wed,3,0,1,0,0,0,0,0,0,FY2025,Dec-2025,2025-12
20251218,2025-12-18,2025,4,Q4,12,December,Dec,51,18,Thursday,Thu,4,0,1,0,0,0,0,0,0,FY2025,Dec-2025,2025-12
20251219,2025-12-19,2025,4,Q4,12,December,Dec,51,19,Friday,Fri,5,0,1,0,0,0,0,0,0,FY2025,Dec-2025,2025-12
20251220,2025-12-20,2025,4,Q4,12,December,Dec,51,20,Saturday,Sat,6,1,0,0,0,0,0,0,0,FY2025,Dec-2025,2025-12
20251221,2025-12-21,2025,4,Q4,12,December,Dec,51,21,Sunday,Sun,7,1,0,0,0,0,0,0,0,FY2025,Dec-2025,2025-12
20251222,2025-12-22,2025,4,Q4,12,December,Dec,52,22,Monday,Mon,1,0,1,0,0,0,0,0,0,FY2025,Dec-2025,2025-12
20251223,2025-12-23,2025,4,Q4,12,December,Dec,52,23,Tuesday,Tue,2,0,1,0,0,0,0,0,0,FY2025,Dec-2025,2025-12
20251224,2025-12-24,2025,4,Q4,12,December,Dec,52,24,Wednesday,Wed,3,0,1,0,0,0,0,0,0,FY2025,Dec-2025,2025-12
20251225,2025-12-25,2025,4,Q4,12,December,Dec,52,25,Thursday,Thu,4,0,1,0,0,0,0,0,0,FY2025,Dec-2025,2025-12
20251226,2025-12-26,2025,4,Q4,12,December,Dec,52,26,Friday,Fri,5,0,1,0,0,0,0,0,0,FY2025,Dec-2025,2025-12
20251227,2025-12-27,2025,4,Q4,12,December,Dec,52,27,Saturday,Sat,6,1,0,0,0,0,0,0,0,FY2025,Dec-2025,2025-12
20251228,2025-12-28,2025,4,Q4,12,December,Dec,52,28,Sunday,Sun,7,1,0,0,0,0,0,0,0,FY2025,Dec-2025,2025-12
20251229,2025-12-29,2025,4,Q4,12,December,Dec,1,29,Monday,Mon,1,0,1,0,0,0,0,0,0,FY2025,Dec-2025,2025-12
20251230,2025-12-30,2025,4,Q4,12,December,Dec,1,30,Tuesday,Tue,2,0,1,0,0,0,0,0,0,FY2025,Dec-2025,2025-12
20251231,2025-12-31,2025,4,Q4,12,December,Dec,1,31,Wednesday,Wed,3,0,1,0,1,0,1,0,1,FY2025,Dec-2025,2025-12
